country,barcode,product_name,brand,sugar_content_per_100g
italy,8002516010223,La classica,Tomarchio,11.0
italy,3270190005261,PULP' Saveur Orange,Carrefour,8.4
italy,4060800129680,Pepsi lemon,Pepsi,10.7
italy,4060800001771,Pepsi-cola,pepsi,10.9
italy,5449000005090,Fanta,fanta,11.8
italy,8017596071392,Cola,Eurospin,4.1
italy,8014396000393,Acqua tonica,Schweppes,8.9
italy,8002270866562,CHINÒ,San Pellegrino,10.0
italy,8007885745806,Cola,Galvanina,9.5
italy,8002270076787,Chinò zero,San Pellegrino,0.1
italy,3560070791118,Limonade,Carrefour Bio,8.4
italy,8014396000942,Limone,Schweppes,11.4
italy,5449000241368,Coca cola senza caffeina,Coca-Cola,11.1
italy,8032919465108,Orangeade / Aranciata,Lurisia,13.43
italy,8002270836565,L'Aranciata,San Pellegrino,8.6
italy,5000112557664,Coca Cola,Coca-Cola,10.6
italy,5000112557695,Sprite,Sprite,1.9
italy,8017596050823,Cola,blues Eurospin,11.0
italy,3560070566402,Saveur orange,Carrefour,6.7
italy,3560070365531,Limonade,,5.2
italy,8057192000419,Lemon soda,Terme di Crodo,12.0
italy,8003423700023,Siesta Lemon,Romanella,10.4
italy,5449000000453,Coca Cola,Coca-Cola,10.6
italy,8019730001814,Gusto gassosa,Happyfresh,3.0
italy,8017596064882,Cola,Eurospin,10.9
italy,9022100000897,Gröbi Orange,Gröbi,0.5
italy,8019730069432,Tonic lemon,MD,9.8
italy,8017596104533,Gassosa zero,Eurospin,0.0
italy,8033520500004,Aranciata,Vividrink,11.0
italy,8018005720252,Chioschi mandarino verde,Polara,12.5
italy,8017596008329,tonica,Eurospin,9.3
italy,8018848018738,COLA,Baule Volante,9.0
italy,8018005111692,Fruit Thè Verde,Polara,2.0
italy,8711900013213,Taurine drink Psychik,Carrefour,11.0
italy,8026180001189,Sifon-seltz acqua di soda,,0.0
italy,8018005827036,Bio sicilia cedrata,Polara,12.0
italy,5449000241214,Coca-Cola,Coca-Cola,10.6
italy,8057192002581,Lemon Soda Energy Activator,Terme di Crodo,12.0
italy,8057192002802,Energy activator,Terme di Crodo,9.0
italy,8057192002598,Lemon soda zero,Terme di Crodo,0.0
italy,8018005370280,Limonata di Sicilia polara,Polara,12.0
italy,8018005974570,Thè al limone,Polara,8.58
italy,8018005827098,Cola,Polara,10.1
italy,8012666506330,Chinotto,Terre d'Italia,12.0
italy,4056489041634,Bergamotto e menta,Strada del gusto,15.0
italy,5301000171970,Pepsi Lime,,0.0
italy,8002270826801,Aranciata,San Pellegrino,10.1
italy,8001160008211,Mirinda,Mirinda,7.0
italy,8002270816796,L’ARANCIATA,San Pellegrino,10.1
italy,9009700309254,Acqua,,0.0
italy,05944200938,Cocacola,Coca-Cola,48.0
italy,8018005101075,Pompelmo,,1.5
italy,8018005111739,Toni',Polara,9.4
italy,8018005370358,Limone e zenzero di Sicilia,Polara,8.5
italy,8001120448415,Pompelmo,Coop,6.3
italy,8059693040048,Bibicaffè Original,,10.0
italy,5449000316523,Coca Cola Senza Caffeina,Coca-Cola,11.1
italy,8002270086885,Aranciata Rossa,San Pellegrino,8.8
italy,5449000000279,Coca Cola,Coca Cola,35.0
italy,5449000000439,Coca Cola Original taste,Coca-Cola,10.6
italy,0762571500043,Freez Citron Gingembre,Freezmix,7.0
italy,5449000214911,Coca-Cola,Coca-Cola,10.6
italy,5449000009067,Coca Cola Regular 2L,Coca-Cola,10.6
italy,8032749751921,Easy cola,,0.0
italy,8001160003612,Pepsi max zero zuccheri,Pepsi,0.0
italy,8017596005014,,Blues,6.0
italy,8002270426902,Chinò zero zuccheri aggiunti,San Pellegrino,0.1
italy,9010800000354,Tirola Kola,,11.0
italy,8017870000193,Plose Limonata,Plose,10.6
italy,8010795000774,la nostra limonata BIO con limoni di Sicilia,Scaldasole,7.2
italy,8053908880252,Chinotto,Verum,12.2
italy,8057192002710,Lemon soda Energy activator zero,Terme di Crodo,0.0
italy,8010335020033,chin8,neriI.B.G.,11.6
italy,8017596065070,Cola zero,Eurospin,0.0
italy,8717700001009,7up,Seven up,7.0
italy,8017596004062,Aperitivo Rosso,Blues,15.0
italy,5449000241313,Coca-Cola,Coca-ColaThe Coca-Cola Company,10.6
italy,8002270456794,,San Pellegrino,8.8
italy,4060800127181,Pepsi Twist,Pepsi,10.7
italy,8057192002604,Lèmon soda mojito,Terme di Crodo,12.0
italy,8018005974747,Aranciata Bio,,11.7
italy,8017596103604,Gassosa limone femminello di gargano,Eurospin,12.0
italy,8018848018769,Aranciata,Baule Volante,10.0
italy,8018005370273,Chinotto,Polara,12.0
italy,8018005370327,Melograno di sicilia,Polara,9.0
italy,80148234,Cedrata tassoni,,16.4
italy,8002200170950,Sparkling Coffee,Kimbo,10.0
italy,8002270766800,Aranciata amara,San Pellegrino,8.8
italy,8059300820001,Dandy Tonic Water,,10.0
italy,8002270036835,Aranciata amara,San Pellegrino,8.8
italy,8018005370242,Aranciata di Sicilia,Polara,12.0
italy,5942204001689,Prigat,,11.6
italy,8002270046834,San Pellegrino Chinò,San Pellegrino,10.0
italy,8018005827135,The verde lemongrass,Polara,7.05
italy,8003170018716,Tonica,CONAD,8.6
italy,8005613040148,Tonica al cedro,Tassoni,9.8
italy,8054377870546,Molecola,Molecola,0.0
italy,8003170000292,Ginger,Conad,13.0
italy,8018005301024,Frizz,,1.96
italy,80335412,Brasilena,Calabria acqua minerale,11.1
italy,8001620203026,Allegra con succo d'agrumi,San Benedetto,5.1
italy,8057192001430,Lemon soda,Terme di Crodo,12.0
italy,8002270086663,Clementina,San Pellegrino,8.9
italy,8057192001010,Oran Soda,Terme di Crodo,9.5
italy,5449000241351,Zero zuccheri gusto limone,the coca cola company,0.0
italy,8023701021893,Bergotto,La Spina Santa,9.45
italy,5449000138156,Coca-Cola Zero,Coca-Cola,0.0
italy,3245412730252,Pulp' saveur orangelight,Carrefour,1.4
italy,80141136,Siesta Lemon,Romanella,10.4
italy,4099200859194,,Flirt,0.0
italy,5000112565348,Coca-Cola,Coca-Cola,10.6
italy,5449000241238,Coca cola zero,Coca cola,0.0
italy,9100000114545,Apfel Johannisbeer gespritzt,Spar,2.7
italy,5000112564044,Fanta lemon,Fanta,11.4
italy,8054377870249,Molecola senza zucchero,Molecola,0.0
italy,8014396001475,Schweppws gusto agrumi,Schweppes,10.6
italy,8003963221040,SanCarlo Cedrata,San Carlo,2.9
italy,8018848018837,Cola,Baule Volante,9.0
italy,8019730013589,Casado Cola,MD,10.9
italy,8002330018863,Cola,Esselunga,11.0
italy,8018005301031,Chinotto,Frizz,0.0
italy,8017596116055,Pathos yogurt colato greco fragola,Land,11.4
italy,8057192001508,Lemon soda,Terme di Crodo,12.0
italy,5449000298485,Fanta - aranciata,Fanta,1.2
italy,8018005827067,Bio sicilia organis,Polara,0.0
italy,8018005208279,Aranciata di Sicilia Chioschi by Polara,Polara,13.0
italy,8001300150398,Ginger cool party,Despar,10.0
italy,5449000282774,Coca Cola zero zuccheri,Coca-Cola,0.0
italy,42105244,,Coca-Cola,10.6
italy,3560071512316,"Lemon aux saveurs de citron, citron vert",Carrefour,4.3
italy,8057192001539,Lemonsoda la zero,Terme di Crodo,0.0
italy,5449000054227,Coca-Cola,Coca-Cola,10.8
italy,5000112567625,,Powerade,3.8
italy,5600961178425,H2O anti-ox,Prozis,0.0
italy,8002270876790,Chinò,San Pellegrino,8.9
italy,5000291027163,Tanqueray alchol free with tonic,Tanqueray,0.0
italy,8009980111142,Coca cola zero zuccheri,Get Up,0.0
italy,8054377870256,Mole Cola,Molecola,8.5
italy,42105220,Coca Cola,Coca-Cola,10.6
italy,8033256110577,Decó Cola Zero,Decò,0.0
italy,54490147,Coca-Cola,Coca-Cola,10.6
italy,4062139002313,Schwip Schwap Zero,Pepsico,0.3
italy,20256364,ARANCIATA-Bibita Gassata,Siti,1.7
italy,5904505330103,,Marton,2.0
italy,8050327350243,LemonSoda,Fonti di Crodo,0.0
italy,8014396001987,Limone,Schweppes,11.39999961853
italy,8003170018853,Cola Classic,Conad,11.0
italy,8057192001706,Lemon Soda Zero,Terme di Crodo,0.0
italy,5449000034557,Coca-Cola zero zuccheri,Coca-Cola,0.0
italy,5000112610161,coca zero,Coca cola,0.0
italy,8003170026957,Cola,Conad,0.0
italy,87170160,Pepsi S / Cafeina LL.375,Pepsi,11.0
italy,5449000005151,Sprite,The Coca-Cola Company,1.9
italy,1004262770007,Vintersaga (yulmust),IKEA,8.3
italy,8001120926685,Limonata,Coop,5.2
italy,80148272,Tonica Superfine,Tassoni,7.6
italy,8032919465030,Il nostro chinotto,Lurisia,14.3
italy,80145455,Lemon soda la limonata solo da limoni italiani,Freedea,13.0
italy,8057192000709,Limonata Italiana,Terme di Crodo,12.0
italy,8002270646560,San Pellegrino Chino' ML,San Pellegrino,10.0
italy,5000112610079,Coca-Cola Zero,Coca-Cola,0.0
italy,8018161007037,Limonata alla menta bio,Achillea,11.0
italy,3560070577491,Saveur agrum' zero,Carrefour,0.5
italy,5449000241375,Fanta original,Fanta,4.72
italy,8057192000600,Ginger beer,Terme di Crodo,12.5
italy,8014396003257,Zero limone,Schweppes,0.2
italy,40907000,Coca Cola,Coca Cola,10.6
italy,5000112556247,Coca Cola Zero,Coca-Cola,0.0
italy,8002270416583,SAN PELLEGRINO Bois pétil jus d'orange et de figue de Barbarie 6x33cl,San Pellegrino,8.3
italy,8014396002458,Schweppes Limone,Schweppes,11.4
italy,8001120926654,Aranciata,Coop,6.7
italy,8017596008145,Blues Cola,Eurospin,11.0
italy,8024370018894,vito,Penny,11.0
italy,8057192001522,Oran soda,Terme di Crodo,9.5
italy,8018005208316,Aranciata rossa,Polara,13.2
italy,8019730025834,Cola zero,MD,0.0
italy,8003170074095,Coca cola senza zuccheri,Conad,0.0
italy,8025916104095,Aranciata zero,Todis,2.5
italy,8018005440099,Mandarino al limone,Polara,1.5
italy,8057192001034,Lemonsoda,Terme di Crodo,12.0
italy,8012666506316,Bergamotto,Terre d'Italia,14.0
italy,8017596068415,Cola,Eurospin,11.0
italy,8057192002703,Lemonsoda Energy Activator - Lemon,Terme di Crodo,12.0
italy,8018005208422,Mandarino Verde di Sicilia,Polara,15.199999809265
italy,0200030236596,Hyldeblomstsmag og brus El,,0.0
italy,8018005301062,frizz cola,Frizz,1.13
italy,9009700310618,bio limonade,Vöslauer,43.0
italy,8018005720832,Limone e zenzero di Sicilia,Polara,8.5
italy,8018005974754,Cola con estratto di Noci di Cola,,10.1
italy,8018005005564,fruit the,Polara,2.0
italy,8003100802743,Gassosa,Selex,9.9
italy,8002270866791,ARANCIATA AMARA,San Pellegrino,8.8
italy,8018005727138,Arancia Rossa,Polara,11.0
italy,5449000148728,coca cola zero,Coca-Cola,0.0
italy,15781714,coca cola,,0.0
italy,8002270726798,Limonata,San Pellegrino,8.0
italy,6132007700073,coca cola,coca cola,26.5
italy,8018005301697,Limonata,Frizz,1.9
italy,8057192003830,Lemon soda Zero,,0.0
italy,4017434001257,naturell Tee-Variation,Bad Brambacher,3.9
italy,8002895052173,Limone e zenzero,crai,8.5
italy,5449000314987,Fanta Mango,Fanta,0.3
italy,8018005005281,Acqua tonica,,8.0
italy,8018005005519,Acqua tonica,,7.0
italy,8018005370211,Mandarino verde di sicilia,Polara,15.0
italy,20243258,Erfrischungsstäbchen Orange-Zitrone,Tomarchio,72.0
italy,8002270206887,Limonata Sanpellegrino,San Pellegrino,8.0
italy,8014396004018,Zero Limone,Schweppes,0.2
italy,3560071420819,Cola,Carrefour,8.4
italy,3250393181382,Look Limonade,Look,7.0
italy,8005476006923,Chinotto,Auchan,13.0
italy,0005944200938,Cocacola,Coca-Cola,48.0
italy,8033520500790,Cola zero skyway,MaxiDì,0.0
italy,40822938,Fanta Naranja,Fanta,10.5
italy,5942321000213,Fanta Madness cu suc de struguri,Coca Cola,8.4
italy,5449000131836,Zero Sugar,Coca-Cola,0.0
italy,5449000133328,Coca-Cola Zero,Coca-Cola,0.0
italy,3560070103294,Saveur Lemon Lime*,Carrefour,7.1
italy,20308025,Udon Nudeln Taste of Asia (Japan Style),Freeway,4.0
italy,3560071169640,Fresh TONIC,Carrefour,5.0
italy,8017596104526,Limonata zero,Eurospin,1.0
italy,4060800001740,pepsi,pepsi,11.2
italy,5000112594218,Coca cola Zero,The Coca-Cola Company,0.0
italy,5449000050205,Coca-Cola Light,Coca-Cola,0.0
italy,5449000282781,Coca-Cola,Coca-Cola,10.6
italy,5449000050809,Fanta Original,Fanta,11.8
italy,3560070254040,Saveur agrum',Carrefour,6.1
italy,8050503672022,Limonata,Terra Viva,7.1
italy,8001160004015,Pepsi MAX zero zucchero,Pepsi-Cola,0.1
italy,3560071176457,Limonade,Carrefour BioCarrefour,5.5
italy,8017596011879,CHINOTTO,Blues,12.5
italy,8017596102126,Chinotto,Blues,10.9
italy,8007885003579,Chinotto Bio,Galvanina,13.0
italy,8002270736803,Aranciata amara,San Pellegrino,8.8
italy,8032919465122,Acqua tonica con limone e chinotto,lurisia,10.4
italy,8017596067197,,Eurospin,13.0
italy,5449000289421,Fanta limonata,Fanta,0.4
italy,8001620012420,Ginger Zero,San Benedetto,0.0
italy,8001620012437,Chinotto Zero,San Benedetto,0.0
italy,8018005720276,Chiosco mandarino,Polara,12.9
italy,8014396003165,Schweppes,Schweppes,10.0
italy,90375323,Coca cola zero,Coca-Cola,0.0
italy,8003170003675,Cola Premium,Conad,10.9
italy,8032919465078,Il nostro chinotto,Lurisia,12.4
italy,8712857008109,Aloe Lemon,Tropical,8.5
italy,5449000265098,CocaCola Energy,Coca-Cola,10.4
italy,8002270946561,Boisson aranciata amara,San Pellegrino,8.6
italy,8017596062116,Limonata,Blues,11.0
italy,8017596007001,Aranciata (con arance siciliane),blues,12.0
italy,8002270236778,Chinò,San Pellegrino,10.0
italy,8017596068392,Blues Aranciata,Blues,11.0
italy,8017596063106,Cola zero Blues,blues,0.0
italy,5000112594201,Coca cola light taste,Coca-Cola,0.0
italy,5000112600186,Coca cola Zero Zuccheri,Cocacola,0.0
italy,8002270266775,Aranciata,San Pellegrino,10.1
italy,8054377870027,Mole cola,Molecola,10.6
italy,40608006,pepsi,Pepsi,7.0
italy,8002270033902,Sanbitter,San Pellegrino,15.0
italy,5449000000989,,Coca-Cola,11.1
italy,8057192001447,Oran soda,Terme di Crodo,9.5
italy,8001620012406,Zero allegra con succo d'agrumi,San Benedetto,1.1
italy,8002270596575,l'Aranciata,San Pellegrino,25.3
italy,8018005301291,Arancia rossa,Polara,9.0
italy,8001620012444,Pompelmo zero,San Benedetto,1.0
italy,5000112581348,Coca-Cola,Coca-Cola,10.8
italy,8017596101532,aranciata zero,Blues,1.8
italy,5000112528305,Coca-Cola original taste,Coca-Cola,10.6
italy,9100000114507,Apfel Litschi gespritzt,Spar,2.9
italy,3560070823673,Pulp'Orange* Soda,Produits blancs,1.4
italy,8002270396588,SANPELLEGRINO Bois pétil au jus d'orange et de figue de Barbarie 33cl,San Pellegrino,8.3
italy,8057192000204,Pelmo soda,Terme di Crodo,11.0
italy,9002490208592,Energy Drink,Red Bull,0.0
italy,5449000169358,Coca Cola Zéro sans caféine,Coca-Cola,0.0
italy,51013861,Lemon soda,Lemon soda,13.0
italy,5000112636208,Fanta,Fanta,11.8
italy,8002895004301,Gassosa,Crai,1.0
italy,20256357,gassosa,,2.0
italy,8057192000402,Oransoda pet,Terme di Crodo,9.5
italy,8057192002727,Tropical trip,Terme di Crodo,9.0
italy,8018005720863,Ginger beer,,10.0
italy,8018005827043,Chinotto Bio Sicilia,,10.5
italy,8018005827005,Gassosa Bio Sicilia,Polara,8.5
italy,8001620012994,Gazzosa Zero,Get up,0.0
italy,8018005440082,Mandarino verde di sicilia,Polara,1.7999999523163
italy,8057192000716,Oran Soda,Terme di Crodo,9.5
italy,8018005302014,Fruit thé alla pesca,Polara,2.0
italy,4099200259239,Soda limette -minze,,0.5
italy,8018005720177,Spuma,Polara,13.1
italy,8057192002901,,Terme di Crodo,2.0
italy,8002270796807,Chinò,San Pellegrino,9.9
italy,8025916111673,Pompelmo zero,Todis,1.2
italy,5449000225245,Coca cola,,0.0
italy,8009980895622,Tonic Water Original Limited Edition,Spumador,8.6
italy,8025916117507,Cedrata,Todis,1.0
italy,8018005827111,The limone,Polara,8.0
italy,8050327350113,Oransoda,Crodo,9.5
italy,8002270796746,Chinotto,San Pellegrino,9.9
italy,8059693040024,Bibicaffè,,10.0
italy,4304493267886,L'aperitivo analcolico ginger,,13.0
italy,80128601,,Conad,1.7
italy,8006290805440,Gassosa,Ferrarelle,9.8
italy,8003963239045,Cola,Snell-up,0.0
italy,3560071420840,Cola,Carrefour,8.4
italy,8003170074606,CONAD Cola zero zuccheri,Conad,0.0
italy,5449000214799,Coke zero,Coca Cola,0.0
italy,8009980456168,Aranciata,Spumador,11.0
italy,5000112637977,Fanta exotic,Fanta,13.2
italy,8431876059236,Gaseosa,Carrefour,0.0
italy,5000112557688,Fanta,Fanta,11.8
italy,8017596008336,Gassosa,Eurospin,9.1
italy,5060166690205,monster,Monster Energy,11.0
italy,5000112584370,Fanta Exotic,Fanta,13.2
italy,5449000309631,Coca Cola Zero Zuccheri Zero Caffeina,Coca cola zero,0.0
italy,5060896625492,Monster Lewis Hamilton Zero Sugar,Monster,0.0
italy,8002270706806,Chinò,San Pellegrino,8.9
italy,8014396004025,zero gusto agrumi,Schweppes,0.2
italy,8002270066771,Cocktail zero,San Pellegrino,0.0
italy,8001620012413,Gassosa zero,San Benedetto,0.0
italy,4304493267428,L’Aperitivo analcolico bitter,,15.0
italy,5449000241320,Coca Cola Zero,Coca-Cola,0.0
italy,5449000316509,Coca Cola,Coca-Cola,0.0
italy,0880911163892,Aloe Pineapple,Ace Farm,8.33
italy,4056489516521,Ginger zero,Lidl,0.0
germany,4260107226987,Fritz-Cola null Zucker + guarana,fritz-kola,0.0
germany,4017434002575,Garten-Limonade Zitrone,Bad Brambacher,10.0
germany,4002846034627,Mio Mio Mate Ginger,MIO MIO,6.4
germany,4014472280415,Bionade - Mate Pur (Bio),Bionade GmbH,4.6
germany,4100060026463,Durstlöscher Granatapfel-Zitrone,WesserGold,10.0
germany,4260565250111,The Basil,Soda Libre,8.1
germany,4388860426052,Erfrischungsgetränk Zitrone Ingwer Basilikum,Rewe,9.4
germany,42031888,ColaMix Kalorienarm,Frucade,2.3
germany,5268247880877,fritz-kola stevia,fritz-kola,4.6
germany,5410033820707,Sparkling Ice Tea,Lipton,4.5
germany,5449000000965,Coca-Cola 6 x 330ml,Coca-Cola,10.6
germany,5449000091659,Coca Cola Life 1L MW,Coca Cola,5.0
germany,5449000241764,Coca zéro lemon,Coca-Cola,0.0
germany,54491229,Coca-Cola,Coca-Cola,10.6
germany,5449000081711,Fanta Mango-Geschmack,Fanta,10.1
germany,5449000197092,Cherry Coke,Coca-Cola,10.7
germany,5449000216489,BiO LiMO Grapefruit,ViO,7.0
germany,5999883580257,Boisson au raisin pétillante,Rewe bio,2.5
germany,7610097126182,Rivella Refresh,Rivella,5.2
germany,90448256,black Orange,Organics,9.2
germany,4015042101901,AQUA Wellness Brombeer Geschmack,AQUA Wellness,5.9
germany,5449000297877,Fanta - Elderflower & Lemon,Fanta,6.7
germany,4047247349215,Apfelrhabarberschorle,Gut bio,4.5
germany,4260456730388,Juneberry Jam Geschmack,Gönrgy,0.0
germany,4008287916218,Krombracher's Fassbrause Cola&Orange,Krombacher,9.8
germany,90495502,"Sprite 0,2",Sprite,8.0
germany,3249760000012,Orangina,Orangina,10.2
germany,42006312,Flumi cola-mix,Flummi,9.1000003814697
germany,4012852204266,Now Orange Cola,Lammsbräu,9.0
germany,4102610507422,Afri Cola,,11.0
germany,4102560020323,Leicht&Fruchtig Apfel-Traube Cranberry,RHÖN SPRUDEL,4.3
germany,4260517180299,Dr Pepper Vanilla Float,Dr. Pepper,11.5
germany,4045145535204,"Die Limo, Pink Grapefruit + Cranberry",Granini,9.1
germany,4048517663338,Die Limo Leicht Zitrone-Minze,granini,5.1
germany,00019347,Vita Cola pur,Vita Cola,11.0
germany,4005906002352,Apfelschorle aus natürlichem Mineralwasser,Adelholzener,5.8
germany,40554556,The real Cola,Booster,10.6
germany,40847719,Odenwald Quelle,Odenwald Quelle,4.8
germany,4000140708633,Orangina Rouge,Orangina,10.1
germany,5000112547450,Mezzo Mix,Coca-Cola,7.9
germany,5000112547726,Coca-Cola,Coca-Cola,10.6
germany,4260339810022,Acao Quitte Zitrone mit Guarana,Acao,4.4
germany,5711018024135,Ananasbrus,Harboe,9.6
germany,4001513006417,Fruity Water - Beerengeschmack,Gerolsteiner,0.7
germany,54492387,Coca Cola light,Coca Cola,0.0
germany,90151620,"Almdudler Original 0,33L",Almdudler,7.9
germany,4009228250330,Afri Cola ohne Zucker,Mineralbrunnen Überkingen-Teinach GmbH & Co. KG,0.0
germany,42218494,Spezi,,9.8
germany,4026285000746,"Spezi 20 x 0,5 Ltr.",Bissinger Auerquelle,9.3
germany,9009700308271,Balance Juicy Pfirsich-Mango,Vöslauer,3.0
germany,6194019608273,Boga mojito,Boga,9.88
germany,87177077,7 up,7 up,10.4
germany,4337185148774,Cola light,K-Classic,0.1
germany,4004880378408,Citro limo,Bad Dürrheimer,4.0
germany,9009700311400,Balance Juicy Rote Früchte + Echinacea,Vöslauer,3.1
germany,4054500114862,,Eichbaum,7.0
germany,7750182006088,Gaseosa Inca Kola sabor original x 600ml,Coca-Cola,21.0
germany,8057192000419,Lemon soda,Terme di Crodo,12.0
germany,4260402580340,Rote Schorle,Einheimischer,6.0
germany,4337256737081,Limonata,San Fabio,11.0
germany,6086701117777,,,9.0
germany,4056489568803,Blub blub peach,Solevita lidl,3.2
germany,4062139025299,Pepsi Zero Zucker,Pepsi,0.0
germany,5449000286932,Fanta lemon,Fanta,7.8
germany,7640115252784,Tonic,prix garantie coop,7.7
germany,5449000264824,Coca-Cola Vanilla ohne Zucker,Coca Cola,0.0
germany,4013595318401,Cola,Vita Cola,88.0
germany,4103850001923,Land Schorle,Rapp's,9.8
germany,8009980895011,Aranciata zero,Spumador,1.7
germany,42391876,Lidl strong Cola Koffein drink,Strong,9.8
germany,4270000162367,Chico Erfrischungsgetränk mit Hanf-Minz-geschmack,Live Well Beverages,8.1
germany,4002343008008,Ensinger Sport Grapefruit,Ensinger,3.2
germany,4013595318449,Zitrone Limonade,Vita Cola,9.7
germany,4021375103727,Afri Cola ohne Zucker,afri,0.0
germany,5000112620191,Fanta Lemon Ohne Zucker,Fanta,0.0
germany,4260422210036,green cola,Green Cola,0.0
germany,42141242,Zitronenlimonade,Flirt,7.9
germany,4001681980601,Kindersekt Berry,Robby Bubble,10.0
germany,4018715002840,Cola,Sinalco,10.0
germany,5449000025500,Bio Limo,vio,4.2
germany,4005906002871,Pflaume,Adelholzener,10.0
germany,4013256012150,Grapefruit Fruchtsaftgetränk,Lichtenauer,1.2
germany,4010223101527,Happy Cola,Brauerei Bischofshof,8.6
germany,4260336980094,Tyme Out Botanical Fizz,TYME OUT,3.2
germany,4015533015595,Bio Zisch Guarana Cola,Voelkel,8.3
germany,4019313015058,Spezi - Koffeinhaltige Limonade mit Cola-Orangengeschmack,Spezi,9.8
germany,4013256012457,Waldmeister Brause,Lichtenauer,3.5
germany,4061458225816,Flirt Spicy Ginger,Flirt,14.0
germany,4001246032134,Gold,Dreiser,9.1
germany,4022652943456,Limhonade Holunder,Limhonade,7.5
germany,4105750000747,Spezi,Original,9.2
germany,4104740005700,Kölsches Wasser Grapefruit pink,,9.7
germany,4105960003989,Deit Johannisbeere Blutorange - zuckerfrei,Deit,0.5
germany,4002627803824,Select Pink Grapefruit-Cranberry,Frankenbrunnen,5.6
germany,42414186,,Solevita,4.9
germany,4005163131000,Apfelschorle,Dauner,5.5
germany,4062139000739,Pepsi,Pepsi,7.0
germany,4104740005724,Kölsches Wasser [grün] *,Sünner Brauerei,7.8
germany,4260310556208,Coffee Tonic,,7.9
germany,4101130001991,Orangen limo,,2.3
germany,4260202152211,Fanta Shokata,Fanta,7.1
germany,4337185904400,Cola -Z,Kaufland,0.1
germany,4013256642760,Fresh and fruity,Lichtenauer,4.1
germany,16727843,ISO Drink light,K Classic,3.9
germany,5000112576986,MezzoMix Zero,Coca-Cola,0.2
germany,5000112647341,Vio Bio Limo (Holunder-Zitrone),CocaCola,7.5
germany,4061458221337,River,River,0.0
germany,3057640560293,Tee-Pfirsichgeschmack,Volvic,3.2
germany,4062139001668,Pepsi Twist,Pepsi,10.8
germany,42425908,Icetea Schwarzer Tee Pfirsich Hibiskus,Solevita,4.3
germany,4062139002214,Max,Pepsi,0.0
germany,4056489304654,Freeway Sodasirup,Freeway,81.0
germany,4017943110075,Bio-Orangenlimonade,Landpark Bio-Quelle,8.9
germany,4062139003297,Eistee Zitrone,Lipton,4.5
germany,4260310559537,Wild Berry,Thomas Henry,9.0
germany,4013595645132,Vita Limo Brazil,Vita Cola,11.0
germany,4014472280439,Bionade Mate Limette,Bionade,4.5
germany,4280001274051,Kilimo,kolle mate,5.2
germany,5060108453288,Premium Ginger Ale,Fever-Tree,7.1
germany,4018715002543,Cola Light,Sinalco,0.0
germany,4005249061429,FASS Brause (HOLUNDER ALKOHOLFREI),Brauerei C. & A Veltins GmbH & Co. KG,5.67
germany,4012297035050,Limonade,,8.4
germany,4061458248679,Apfel Schorle,WiesGart,6.1
germany,4012880628218,Stille Melonenschorle,Lausitzer,10.0
germany,4008287935530,,Krombacher,6.9
germany,17224871,Isis cola,Beutelsbacher,11.0
germany,4062139001903,Mirinda Orange,Mirinda,9.4
germany,4005906002666,Cola Mix wenig Kalorien,Adelholzener,0.5
germany,4260547320368,Spirit Lime & Kiwi,Biohacks,7.5
germany,4260231223340,Fanta shokata,Fanta,7.1
germany,4061458248723,Flirt Wild Berry,Flirt,9.0
germany,9008700175920,Yippy - Multi,Rauch,7.9
germany,4047247253659,Rivers Cola Sirup,River,0.0
germany,4100060005628,Extaler Orange,,10.0
germany,42423034,Gerolsteiner,und Frucht,4.2
germany,4104450002716,sport schorle apfel-grapefruit,Vilsa,0.0
germany,4013256012464,Himbeerbrause,Lichtenauer,3.6
germany,4001228513774,Brause Waldmeister,Magnus,8.7
germany,4303147460680,Tonic water,,7.2
germany,4001653002249,Geschmack +Lemon,Bad Pyrmonter,0.0
germany,4062139004256,Pepsi,PepsiCo,7.0
germany,4015533048784,Apfel Grapefruit Schorle,Voelkel,5.0
germany,8594008043876,Pepsi,Pepsi,11.0
germany,4026900004173,Spezi Original KolaOrange,Spezi,9.2
germany,4316268642033,Soda Sirup Cola,StarDrink,3.5
germany,4058172917950,Dm Bio Guarana Cola,Dm Bio,8.3
germany,4026285000623,ACE,Bissinger Auerquelle,10.0
germany,4026285000807,Bissinger Cola,Bissinger Auerquelle,11.0
germany,4026285002733,Bissinger Limette,Bissinger Auerquelle,11.0
germany,4260287187481,Sunny Soda,NOCCO,0.0
germany,4004042641654,Schorle Apfel,Rosbacher,5.9
germany,4026285000548,Gelbes Limo,Bissinger Auerquelle,8.0
germany,4054500114930,Braumeisters Limonade Zitrone-Naturtrüb,Eichbaum,7.0
germany,0742832682022,Yuzuka,Doyobi GmbH,6.8
germany,4002627801851,Tee-Ole,Sachsen Quelle,4.6
germany,5000112547146,Coca Cola Cherry,Coca-Cola Company,10.7
germany,4023121004043,Cola Mix,,10.0
germany,4013595645194,Vita Limo Paradiso,Vita,9.3
germany,20277888,Soda Orangengeschmak,Surf,60.3
germany,4001784010458,Orange-Maracuja,Bad Brückenauer,0.9
germany,4013256647192,Lichtenauer Fresh & Fruity Pfirsichgeschmack,Lichtenauer,3.5
germany,4260384490071,Limoment Rhabarber-Holunder,Limoment,6.1
germany,4303147438672,Harzer Kräuterhexe,Harzer Mineralquelle,7.5
germany,4004870002146,Aktiv & Fit GRAPEFRUIT-ZITRONE,Bad Harzburger Mineralbrunnen Gmbh,4.3
germany,4013466005157,Harzer Kristall Lemon,Harzer Kristall,0.0
germany,4044703008488,The Real Cola,Booster,10.6
germany,4013595318425,Vita Cola pur zuckerfrei,Vita,0.0
germany,4002846034887,Orange+,Mio Mii,6.9
germany,4051913707889,Genuss Limonade,Teinacher,11.0
germany,4001513004055,Tee - Schwarztee-Zitronegeschmack,Gerolsteiner,4.0
germany,4047247339773,Fling Power Energy,Flying Power,10.0
germany,4018715002512,,Sinalco,23.8
germany,4048517713293,hohes C Wasser Energy Orange-Maracuja,Eckes-Granini Deutschland GmbH,0.0
germany,4047247450782,Iso Light - Grapefruit-Citrus,TopSport,4.3
germany,4260299351092,Rote Schorle,Julimond,6.36
germany,4066447120233,Zitrone-Ingwer Limonade,DmBio,7.0
germany,1230000096010,,,10.0
germany,4260667062353,4Bro ICE TEA BUBATZ EDITION mit Drachenfrucht,4Bro,7.8
germany,4014472280118,Mate Pur,Bionade,4.6
germany,5000112660098,Fanta Lemon,Fanta,4.4
germany,4100060034178,Durstlöscher - Saurer Apfel,Durstlöscher,10.0
germany,4260449694314,Relax Recover,REPEAT,2.5
germany,4002343003003,Cola-Mix Limonade,,11.0
germany,4102560011932,Pink Grape,,0.0
germany,4260231225795,Coca Cola Lemon,Coca-Cola,0.5
germany,4066600246541,Spezi,Paulaner,9.2
germany,4066447219777,Cranberry Limo,DmBio,7.0
germany,4004154032333,Spritzer Holunderblüte,Burkhardt,5.0
germany,8690723442304,Uludag gazoz ohne Zucker,Uludag,0.0
germany,3502110008329,"Pepsi 1,5L",Pepsi,4.6
germany,4001325064759,Zitronen Limonade,Aqua Römer,9.9
germany,4002453001654,Fassbrause Zitrone,Stauder,5.6
germany,4003227051103,Fassbrause frühsport,Früh Kölsch,4.7
germany,4002846034559,MioMio,Vivaris,8.5
germany,4002846905729,Apfel Schwarze Johannisbeere,vivaris,6.4
germany,4005906002628,Limette,Adelholzener,3.8
germany,4005906274599,Active O2 TWO Cherry,Adelholzener,3.3
germany,4003904033514,Fit & Fresh Apfelschorle,Bad Liebenzeller,6.4
germany,4007656063386,Vitrex Wasser mit Geschmack,Vitrex,3.0
germany,4008287905427,Krombacher's Fassbrause Rhabarber,Krombacher,6.7
germany,4011116009012,Urbacher ACE,Urbacher,4.1
germany,4012824600232,"Yogi Tea Yogitea Hibiskus Minze, 0,33 L",Yogi Tea,3.2
germany,4013595644814,Vita Cola,Vita,8.8
germany,4014472277088,Bionade Streuobst,Bionade,4.4
germany,4015533014970,BioZisch Himbeer Cassis,BioZisch,7.5
germany,4018715527008,Orange Maracuja,Sinalco,7.9
germany,4058300256296,Apfelschorle,Selters,6.0
germany,40518152,Karamalz Malzbier,Privatbrauerei Eichbaum,8.0
germany,4060800166531,Pepsi Cola - Cherry 2L,Pepsi,0.0
germany,4060800175977,7up,7up,7.0
germany,4053400201634,Schwarze Johannisbeere Rosmarin,Bionade,5.6
germany,4060800148933,Pepsi Light,Pepsi,0.0
germany,4060800175687,7UP,Pepsi,7.0
germany,42191339,Cola-Mix,River,8.7
germany,42256786,Ginger Ale,Freeway,8.4
germany,42275756,Pink Grapefruit Light,Freeway,0.2
germany,4250481904779,Dr. Pepper Cherry,Dr. Pepper,11.5
germany,4260107220039,KARAMELL-KAFFEE,fritz-kola,11.0
germany,4260107222378,Anjola,fritz-kola,8.7
germany,4260107223177,fritz-mate,fritz-kola,5.2
germany,41030899,Flens Fassbrause,Flensburger,0.6
germany,41207017,Coca Cola classic,Coca Cola,10.6
germany,42143581,Cola Light,Freeway,0.0
germany,42149620,Orange,surf,19.8
germany,42230403,River Cola zero,River,0.0
germany,42256779,Original Tonic Water,Freeway,8.0
germany,4260009010233,Gurke Zitrone Limonade,Menschel,8.5
germany,4260107222996,Fritz-limo Zitrone,fritz-limo,8.2
germany,4300175762106,Getränkesirup Waldmeister Geschmack,K Classic,0.1
germany,4260439790019,Lemonade,Black Forest Ginger,7.1
germany,4311596436064,Cola Light,Gut & Günstig,0.0
germany,4311596447893,Cola Zero,Gut & Günstig,0.0
germany,4311596465286,Energy Drink,Booster,10.4
germany,4388441337852,Limonata al limone,San Fabio,10.8
germany,4388810057831,"Ja! Rewe, Apfel Schorle",Rewe,5.9
germany,4388844182981,Lamate,REWE,6.1
germany,4311596436088,"Gut & Günstig, Cola Mix",Gut & Günstig,10.0
germany,4388440096057,Bitter lemon,Penny,12.0
germany,4388844076259,Tonic water,REWE Beste Wahl,9.2
germany,4388844147942,Ginger Ale,REWE Beste Wahl,8.32
germany,5000112547689,Coca-Cola,Coca-Cola,10.6
germany,5000112548167,Coca Cola light,Coca Cola,0.0
germany,5000112548242,Lift Apfel-Schorle,Lift,5.8
germany,5000112552157,Coca-Cola Zero,Coca Cola Company,0.0
germany,5000112611311,Coca-Cola life,Coca-Cola,6.7
germany,5000112630312,Fuzetea - Grüner Tee Mango-Kamille,FuzeTea,4.3
germany,5000112622713,Bio Limo orange-mango-passion,Vio,4.1
germany,5000112622737,Bio Limo Leicht Apfel Brombeere,Vio,4.1
germany,4388860278194,Bitter Lemon,REWE Beste Wahl,0.64
germany,5000112638783,Fanta orange 33cl,Fanta,11.7
germany,4013595309331,Thüringer Waldquell Limonade Zitrone,Thüringer Waldquell,8.0
germany,9100000156422,Tonic Water,Spar,9.0
germany,5000112638912,Fanta Mango,Fanta,0.3
germany,7610287336209,Craft lemonade,Rhäzünser,6.4
germany,4104450003270,Deit Limo div,deit,0.5
germany,5000112639407,Coca-Cola Cherry zero,Coca-Cola,0.0
germany,4013143010818,Bad Liebenwerda Teeträume Pfirsich,Bad Liebenwerda,4.7
germany,10526016131000000079,Durstlöscher,QuickVit,11.0
germany,4009228250477,Afri Cola,afri,11.0
germany,5000112639919,Aquarius citron,Coca Cola,3.3
germany,4260339810251,acáo Maracuja mit Ingwer und Guarana,Acáo,1.6400000000000001
germany,5449000266101,light taste ginger lime,Coca-Cola,0.0
germany,4004042245326,Bizzl Grapefruit Kalorienarm,bizzl,1.3
germany,4002627402911,,Franken Brunnen,9.3
germany,4009418288976,Orangemlimonade,Tip,8.1
germany,5449000028624,Sprite Lemon 6 x 500 ml,Sprite,22.5
germany,4013595644371,,Vita Cola,11.0
germany,4015732009135,Orangenlimonade,SpreeQuell,9.2
germany,4260133260023,DOC intelligent refresher,doc weingart,4.5
germany,4013595328561,Vita Zitrone,Thüringer Waldquell,9.7
germany,42151661,StarDrink Zitrone,Star Drink,7.9
germany,4010491003837,Auenwald Zitrone,Auenwald,10.0
germany,42273844,"Vital & Frucht Apfel, Birne & Honigmelone",Active Fruits,6.5
germany,42375869,Tonic Water Mediterranien,lidl,9.2
germany,4053400271569,Rixdorfer Orange Limonade,Rixdorfer,9.3
germany,42151555,StarDrink Cola,StarDrink,9.7
germany,4102560081560,Cola,Alaska,3.0
germany,4014086011696,Apfelschorle,Glorietta,5.0
germany,20190330,Energy Drink  (Freeway),Lidl,0.0
germany,4005906002833,Johannisbeere,Adelholzener,6.2
germany,5000112548341,Sprite  getränk,Sprite,8.0
germany,4004042245425,Bizzl Naturherbe Zitrone Zuckerfrei,bizzl,0.4
germany,2000000003241,Premium Cola,Premium,10.0
germany,20292720,Bio Risotto,Saskia,2.2
germany,3124480182746,Tonic Indian,Schweppes,5.8
germany,8000845800072,Crodino,ECM SPA - MILANO ITALIA,15.0
germany,8002270636585,Italian Sparkling Drinks Limone & Menta,San Pellegrino,8.3
germany,80145424,Oran Soda,Oran-Soda,12.0
germany,8690723373400,Uludag,Uludağ,10.2
germany,8718612000791,Arizona Cowboy Cocktail Watermelon,Arizona,4.8
germany,4048517634963,Die Limo,Granini,4.3
germany,8718612000852,Fruit Punch,Arizona,4.8
germany,4260449690279,Drink Himbeer,Ahoj-Brause,9.0
germany,9022100001191,Gröbi Orange-Maracuja,Gröbi,0.5
germany,4100590154506,Big Apple,Coca-Cola,5.9
germany,9006900222307,Früchtepunsch,Pfanner,11.0
germany,4102560020330,Leicht & Fruchtig - Apfel Limette,Rhön Sprudel,4.0
germany,0012000002496,Diet Pepsi,Pepsi,0.0
germany,4260031876319,Quittig Apfelschorle,Hofgarten,5.4
germany,4260412069996,Eizbach,Alpengrantler,7.3
germany,4000140710667,Schweppes Zero ohne Zucker,Schweppes,0.0
germany,4015042100317,Orange,Splish,9.1
germany,4388860202366,Minze Tee mit Zitrone,Rewe to go,3.9
germany,4013595644227,Vita Cola Original,Thüringer Waldquell,8.8
germany,4337185149122,K-Classic Cola + Orange -Z,K Classic,0.5
germany,50112128,,Coca-Cola,10.6
germany,4002627800724,Orangenlimonade,Basinus,0.5
germany,4037400433721,Cola Playa,Katjes,56.0
germany,4260153841349,,,5.8
germany,4337185147692,Cola+Orange,K-Classic,9.2
germany,4014472280392,Naturtrübe Zitrone,Bionade,5.6
germany,4004042055130,Zitronenlimonade,bizzl,12.0
germany,4010976381122,Zitronen Limonade,Libella,9.4
germany,4000432000285,grapefruit light,teusser,1.9
germany,42372783,Bio Limonade mit Orangengeschmack,Gut Bio,8.5
germany,5029396000352,Cherry Cola,,7.6363636363636
germany,4015533010576,Bio Zisch Holunderblüte,BioZisch,7.2
germany,4015533037146,BioZisch Hanf,Voelkel,5.2
germany,4388860586084,Ginger Ale,REWE,6.4
germany,4056489289524,Bio Limonade Himbeer Cassis,Solevita,5.6
germany,4006540001022,MixCola,Zwiefalter Klosterbräu,11.0
germany,4051454000012,Moloko Softdrink,moloko,9.7
germany,4004042243322,Bizzl orange,bizzl,0.8
germany,4334011095240,Birnen sprudler,real quality,7.3
germany,4016843004507,Cola Mix,Flötzinger Bräu,11.0
germany,4010976381214,Cola Mix,Libella,9.6
germany,4042472000047,Avanus Orangen-Limonade,Avanus,9.4
germany,5449000000279,Coca Cola,Coca Cola,35.0
germany,42151616,Stardrink Orange,Stardrink,7.6
germany,5449000011527,Fanta Orange - 330ml,Fanta,13.2
germany,4018715004844,Sinalco Cola Zero,Sinalco,0.0
germany,4002343243102,Cola Mix,ensinger Sprudel,11.0
germany,4388860591880,Limonata AL Limone,San Fabio,9.8
germany,5000112638837,Coke,Coca-Cola Company,10.6
germany,3124480184337,Orangina,Orangina,9.8
germany,5449000000286,Coca Cola 2l,Coca-Cola,10.6
germany,5449000000439,Coca Cola Original taste,Coca-Cola,10.6
germany,5000112547412,Coca-Cola,Coca-Cola Company,10.6
germany,5449000292810,Coca-Cola Original 18er-Pack,Coca-Cola Company,10.6
germany,5449000214911,Coca-Cola,Coca-Cola,10.6
germany,5740700996153,Fanta - Exotic,Fanta,13.2
germany,5449000121172,"Zero, Zitrone-Limette",Coca-Cola,0.0
germany,5060108450003,Premium Indian Tonic,Fever-Tree,7.4
germany,5060108450386,Premium Ginger Beer,CUVECO AS,10.2
germany,8719128117249,Pepsi Max Getränkesirup,Clas Ohlson,0.0
germany,5060108450348,Premium Ginger Beer,Multibev,10.2
germany,4001568200518,Vitamalz Malzbier,Vitamalz,7.9
germany,4013595644685,Vita Orange,Vita,9.9
germany,4262420890005,Paulberger - Peach,Paulberger,4.3
germany,42270386,Cola Zero,Freeway,0.0
germany,4008287949544,Spezi,Krombacher,9.0
germany,4000140703881,Orangina original,Orangina,10.2
germany,4260705330666,Vitaminwasser - Himbeeregeschmack,Vitavate,0.0
germany,41045848,Spezi ColaOrange-Limonade,Spezi,9.8
germany,4029764001883,Club-Mate Cola,CLUB-MATE,10.0
germany,42200772,Stardrink Cola-Mix,Stardrink,9.6
germany,4000140700118,Schweppes Bitter Lemon,Schweppes,12.1
germany,5000112659610,,Fanta,10.9
germany,3057640376498,"Volvic Tee Pfirsich 1,5 L EW",Danone,3.8
germany,4000140708268,Orangina Original,Orangina,10.0
germany,4000140712135,American Ginger Ale,Schweppes,0.0
germany,8855199132658,Tonic Water,schweppes,8.48
germany,5000112602029,Coca Cola original,Coca Cola,10.6
germany,87126853,Coca-Cola,Coca-Cola,10.6
germany,4388440093711,Penny Cola,Penny,9.5
germany,4013595644975,Vita Caribic,Vita Cola,8.8
germany,4260231223128,Coca Cola Vanilla,Coca Cola,10.6
germany,5449000017918,Fanta,Fanta,7.6
germany,5000112517163,Fanta Strawberry & Kiwi,Fanta,10.2
germany,9006900216788,Almdudler,Almdudler,7.9
germany,5449000017895,Coca Cola light,Coca-Cola,0.0
germany,0431304273474,SOLICOLA,Solidrinks,11.0
germany,4002846034603,Mio Mio Mate Ginger,Mio Mio,6.4
germany,4000140708008,Dry Tonic Water,Schweppes,7.5
germany,4062139025473,,Schwip schwap,0.3
germany,5449000053213,Mezzo Mix (coca-cola) - 1.5 L,Mezzo Mix,10.5
germany,4388440092998,Apfelschorle,Penny,5.9
germany,50112135,Sprite,Sprite,8.0
germany,42282037,Vital Grapefruit,Carolinen,1.1
germany,5740700987984,Fanta - Straberry & Kiwi,Fanta,10.2
germany,4004042016100,Rosbacher isofit,Rosbacher,4.4
germany,4388844084964,Eistee Alpenkräuter,Rewe Bio,6.0
germany,42256694,"MixxMax Zero, Cola & Orange",Freeway,0.2
germany,5449000171177,Fanta orange zero sugar,Fanta,0.3
germany,4260031915537,Johannisbeer Schorle,Kühbacher,5.6
germany,4056489949695,Aloe Vera Getränk,Solevita,7.9
germany,5449000133335,Coca Cola Zero Sugar,Coca-Cola,0.0
germany,5449000017901,Coca-Cola light koffeinfrei,Coca-Cola,0.0
germany,5000112611762,Coca-Cola® Sans sucres,Coke ZÉRO®,0.0
germany,4102430077525,Fassbrause Naturtrüb Orange,Bitburger,6.4
germany,4260231222152,Root Beer,tem's,13.4
germany,4260107220077,Zitrone,fritz-limo,8.2
germany,4013791026568,Fassbrause mit Himbeer-Kirsch-Geschmack,,8.0
germany,3502110009357,Pepsi Max,PepsiCo,0.0
germany,42261308,Orangen Limonade,Limetten,8.8
germany,5449000052926,Fanta orange 1.5l,Fanta,11.7
germany,8801069411255,Sparkling Melon & Cream,Chupa Chups,11.9
germany,4008287910353,Krombacher's Fassbrause schwarze Johannisbeere,Krombacher,6.7
germany,8002270476785,L‘ARANCIATA,San Pellegrino,7.7
germany,4060800151407,Schwip Schwap - Cola & Orange,PepsiCo,9.7
germany,4062139004294,schwip schwap Cola & Orange,PepsiCo,9.7
germany,4017434003145,Garten-Limonade Zitrone,Bad Brambacher,10.0
germany,4002208017510,Fassbrause Orange,Gaffel,4.5
germany,4002208017268,Gaffels fassbrause,Gaffels,4.5
germany,8050327350328,Mojito soda,CRODO,12.0
germany,4100060034284,Durstlöscher Karamell-Geschmack,Durstlöscher,11.0
germany,4902102138574,Coca cola strawberry,Coca-Cola,11.6
germany,4048517742767,Die Limo Pink Grapefruit-Cranberry,Die Limo,8.9
germany,5000112546514,Fanta Orange,Fanta,7.6
germany,4260705331113,Vitaminwasser - Grüner Apfelgeschmack,Vitavate,0.6
germany,4000140700149,Tonic Water,Schweppes,8.9
germany,4056489961437,Sparkling Lemon,Freeway,12.7
germany,4017434003169,Garten-Limonade Orange,Bad Brambacher,11.0
germany,4260636584428,Level Up Shiny Fox,Level Up,0.02
germany,5000112547207,Sprite,Sprite,7.88
germany,4060800151414,,,9.4
germany,8850389116487,Mogu Mogu,SAPPÉ,10.9375
germany,5000112552607,Coca-Cola Zero Sugar,Coca-Cola,0.0
germany,41030226,Afri Cola Zero,Afri Cola,0.0
germany,4062139001743,Pepsi Max Lemon,PepsiCo,0.0
germany,3057640533068,"Volvic Touch Zero Wassermelone 1,5L",Volvic,0.0
germany,4008287957754,Fassbrause Streuobst,Krombacher,4.9
germany,5000112548365,Fanta Orange,Fanta,7.6
germany,4045145295108,Die Limo Limette-Zitrone,Granini,10.0
germany,3057640539183,Volvic Essence Orange-Holunderblüte 75cl PET,Volvic,0.0
germany,3057640503528,"Volvic essence Gurke-Minze-Basilikum 0,75L",Volvic,0.0
germany,3057640539923,"Volvic Limotion Grapefruit 0,9L EW",Volvic,4.2
germany,3057640540233,"Volvic Limotion Grapefruit 0,45L EW",Volvic,4.2
germany,42390244,"Volvic Bio Coffee mit Robusta- & Cassisgeschmack 0,37L EW",Volvic,2.3
germany,3057640529788,"Volvic Bio Coffee mit Mocca- & Zitronengeschmack 0,75L EW",Volvic,2.3
germany,5000112512656,Zero Mountain Blast,Powerade,0.0
germany,5449000131843,Coca-Cola Zero,Coca-Cola,0.0
germany,4000140700675,Original Wild Berry,Schweppes,9.0
germany,4335896514253,Cola zero,K-Classic,0.5
germany,4311501367032,Limo Grapefruit,Edeka,8.7
germany,42173588,StarDrink Cola Zero,StarDrink,0.01
germany,7640150491407,El Tony Mate & Mint,El Tony,5.4
germany,8050327350045,Oran soda,Terme di Crodo - Royal Unibrew,9.5
germany,4012852204273,Now Grapefruit Bio Limo,Neumarkter Lammsbräu,7.3
germany,42256601,Grüne brause,Freeway,3.6
germany,4260178730123,Bio Limonade Rhabarber,Proviant,6.9
germany,4000140072161,Bitter Lemon,Schweppes,12.1
germany,5060108450515,Mediterranean Tonic Water,Fever-tree,7.4
germany,8717700001009,7up,Seven up,7.0
germany,8017596004062,Aperitivo Rosso,Blues,15.0
germany,4005906002215,Lemon Sport,Adelholzner,4.5
germany,4304218505026,Iced Tea Pfirsich,Globus,6.1
germany,5449000034298,Pack Coca-Cola,Coca-Cola,10.6
germany,4011094105690,Hachenburger Brauer Brause Wild Beere,Hacheburger,0.3
germany,42276074,"Saskia Sport Blutorange-Limetten-Geschmack 0,5l",Saskia,4.3
germany,7640150491001,El Tony Mate,El Tony,5.8
germany,90433160,simply Cola (Organics by Red Bull) (Bio),Red Bull,8.8
germany,5449000665928,Fanta Lemon ohne Zucker,Fanta,0.0
germany,4017943110136,Grapefruit,Landpark,0.0
germany,4260310551104,Spicy Ginger,Thomas Henry,14.0
germany,9100000776026,Holunder-blüte,Spar,3.7
germany,5449000044709,Schweppes bitter lemon,Schweppes,13.3
germany,0020006134264,,,0.0
germany,4014472648109,Bionade,Bionade,5.5
germany,4012852204167,Now Cola orange,Now,9.0
germany,4001428004331,Markgrafen,Markgrafen,0.0
germany,4337185324109,Fruity Water Zitronen-Limetten-Geschmack,Classic,6.6
germany,4388844267688,Pfirsich Mango Wasser,Rewe Beste Wahl,0.9
germany,4260322150050,Tonic Water,Aqua Monaco,0.5
germany,4062139000852,Pepsi Cola,Pepsi,7.0
germany,4013595318432,Vita Limo Orange,Vita Cola,9.9
germany,5060108450706,Madagascan Cola,Fever-Tree,7.6
germany,4004154078331,Spritzer Rhabarber,Burkhardt Fruchtsäfte,5.0
germany,4009228120152,Krumbach Traube-Mirabelle,Krumbach,4.9
germany,4030634041205,Johannesbeerschorle,Pretzfelder,8.2
germany,4061458202022,River Cola,Jacobi Scherbening GmbH & Co. KG,9.2
germany,54490000,Coca-Cola,Coca-Cola,10.6
germany,4337185149641,Ginger Ale,Kaufland,8.4
germany,5000112552195,Coca-Cola Zero,Coca-Cola,0.0
germany,4101130002004,Syburg Zitrone,Syburg,2.0
germany,9120081683594,BerryBomb,JuiceBox,0.1
germany,8057192001430,Lemon soda,Terme di Crodo,12.0
germany,8002270086663,Clementina,San Pellegrino,8.9
germany,5449000138156,Coca-Cola Zero,Coca-Cola,0.0
germany,42254317,Lemonaid Blutorange,Lemonaid beverages gmbh,6.8
germany,5449000020697,Cola light,Coca-Cola,0.0
germany,4027425000503,Orangen-Limonade,Brunnthaler,9.0
germany,4001246032400,Dreiser,Dreiser,10.0
germany,4029939003506,kalorienarme Zitronen-Limonade,Remus,0.1
germany,9022100001092,Gröbi Zuckerfrei Grapefruit,DrinkStar GmbH,0.5
germany,4005906004370,Cherry + Sport,Adelholzener,4.3
germany,4012297075056,Apfelschorle,Carolinen,5.1
germany,4388860465785,Penny Ready Aqua Plus Erfrischungsgetränk,Penny,0.0
germany,4001653001655,Bad Pyrmonter Premium Limonade,Bad Pyrmonter,7.0
germany,4104450005519,Vilsa spritzer raspberry,Vilsa,3.5
germany,5206542007131,Greencola,,0.0
germany,4311501366912,Limo Blutorange,Edeka,9.7
germany,4104450003188,Deit Cola-Mix,Deit,0.3
germany,5000112645798,Cola,Coke,10.6
germany,4260231224330,Fanta Cassis,Fanta,10.9
germany,3662676000387,Ramune,Ramune,4.4
germany,4000140011498,Bitter Lemon,Schweppes,12.1
germany,4000140011559,Schweppes Ginger Ale,Schweppes,9.1
germany,4000140072185,Schweppes Ginger ale,Schweppes,9.1
germany,4000140704840,Schweppes American Ginger Ale,Schweppes,9.1
germany,4004210805109,Gerri Limette,Gerri,8.6
germany,4004154077334,Spritzer ingwer,burkhardt,10.0
germany,4004210000665,Grapefruit light,Gerri,0.6
germany,4009228040542,Schorle Apfel,Teinacher,6.0
germany,4008287901702,Fassbrause - Zitrone,Krombacher,6.7
germany,4011470006306,Süßer Sprudel,Silber Brunnen,7.5
germany,4014472005001,Bionade Litschi,Bionade,4.7
germany,4011116004901,Urbacher Sport Grapefruit-Zitrone,Urbacher,3.9
germany,4014472002529,Ingwer-Orange,Bionade,4.3
germany,4015533028236,BioZisch Gurke,BioZisch,7.0
germany,4021155100472,Big Cola-Mix Orange,B!g,2.0
germany,4022652113347,Schwollener Waldmeister,Schwollener Sprudel GmbH & Co. Kg,4.9
germany,4016931020532,Hubauer Cola-Mix Limonade,Hubauer,9.9
germany,4018715527022,Extra fruchtig Pink Grapefruit Cranberry,Sinalco,7.8
germany,4026285000449,"Limo weiß 20 x 0,5 Ltr.",Bissinger Auerquelle,7.5
germany,4029764001814,Club-Mate IceTea,CLUB-MATE,7.0
germany,40413808,Fruit Juice drink Apple Orange Lemon,Wesergold,11.0
germany,4060800139665,Pepsi Light,Pepsi,0.0
germany,4060800151384,Pepsi Max,Pepsi,0.0
germany,42143499,Cola  Zero Light,River,0.0
germany,42143673,Apfelschorle,Freeway,5.8
germany,42143772,Freeway Orange,Freeway,7.9
germany,42178255,Freeway Cola Zero,Freeway,0.0
germany,42178408,MixxMax,Freeway,9.2
germany,42230236,Tonic Water,Flirt,8.7
germany,42265849,Apfelschorle,GutBio,6.1
germany,42275657,Solevita - Eistee Green Citrusgeschmack,Solevita,5.0
germany,4260107222576,fritz-spritz Bio-Apfelschorle,fritz-spritz,6.6
germany,41030202,Afri Cola,Afri Cola,11.0
germany,4260299353140,Julimond Apfelschorle,Schex,6.4
germany,42142140,,River Getränke,7.8
germany,42151760,Apfelschorle,StarDrink,6.0
germany,42179481,Cola 6er Pack,Star Drink,0.1
germany,42213093,Flirt Orange Zero - Orangenlimonade,Flirt,0.0
germany,42346401,Iso Light - Pink Grapefruit,TopSport,4.3
germany,4260436322114,Angeliter Cola,Weltbrauerei,11.0
germany,4260436322312,Angeliter Zitronenlimonade,Weltbrauerei,12.0
germany,4300175282529,Sirup kaufland,K-Classic,0.5
germany,4260031874056,Flora Mate,Reineckes Getränke,5.0
germany,4260107220060,Fritz-limo Melonenlimonade,fritz-kola,10.0
germany,4260107222262,fritz-kola,fritz-kola,9.9
germany,4311501416396,Tonic Water,Gut & Günstig,8.5
germany,4260178730413,Orangenlimonade,Proviant,6.9
germany,4260310551692,Cherry Blossom Tonic,Thomas Henry,9.3
germany,4311596460939,Orange zero,Gut & Günstig,0.0
germany,4388440096132,"Orangen Limonade, Orange 0%",Penny,0.0
germany,4311596435821,Apfelschorle,Gut & Günstig,5.9
germany,4388440093148,Apfelschorle,Penny,5.9
germany,4902494160085,Hatakosen Tokyo Uji-matcha Ramune,Ramune,8.7
germany,5000112548389,Coca - Cola light  taste koffeinfrei,Coca-Cola,0.0
germany,5000112611748,Coca-Cola,Coca-Cola,10.6
germany,5000112562453,"Mezzo mix Zero, Erfrischungsgetränk, Pet",Coca cola collector 2012,0.2
germany,5000118558818,Coca-Cola Zero,Coca-Cola,0.0
germany,5029396000437,Pink Grapefruit Tonic Water,REWE,7.7
germany,5060108450089,Soda Au Gingembre Ginger Ale,FEVER TREE,7.1
germany,54004153,schweppes premium mixer orange blossom & lavender,Schweppes,8.8
germany,5449000051400,Vanilla Coca-Cola,COCA-COLA,11.2
germany,5449000101549,Coca-Cola Vanilla,Coca-Cola,11.1
germany,5449000102379,Dr Pepper 1.5Lt .,Coca Cola Co.,4.9
germany,5449000132505,Sprite,Sprite,2.0
germany,5449000000897,"Coca Cola Cola, Cherry Coca-Cola Cherry Mehrweg Pet 1L X1",Coca-Cola,10.7
germany,5449000010070,Fanta grape flavoured  drink 2 litre,Fanta,8.4
germany,5449000034229,Coca Cola Mini,The Coca-Cola Company,10.6
germany,5449000131812,Coca Cola zero,Coca-Cola,0.0
germany,5449000134424,Coca-Cola zero,Coca-Cola,0.0
germany,5449000137609,Coca-Cola Zero,Coca-Cola,0.0
germany,5900497310338,"Pepsi, Cola",Pepsi,11.0
germany,7290012693236,Sirup - Cola Sugar Free,Sodastream,0.0
germany,7610238335169,Schweppes Ginger Ale,Schweppes,9.1
germany,8002270396502,Limonata,San Pellegrino,7.8
germany,8002270020018,Sanbitter,San Pellegrino,15.0
germany,8050327350106,Lemon soda,,12.0
germany,8690723312300,Uludag ORANGE,ULUDAG,10.2
germany,87126709,Coke Light,Coca Cola,0.0
germany,9120018533756,Shokata,Fanta,10.0
germany,4018715002291,Sinalco Zero,Sinalco,0.0
germany,4019313006049,deit  zuckerfrei,deit,0.5
germany,8050327350038,Lemon Soda,Crodo,7.0
germany,42372325,Freeway Blutorange,Freeway,4.4
germany,5000112547849,Fanta Orange,Fanta,7.6
germany,5900497340502,7up,7up,7.0
germany,4039401023970,Erdbeer Cola,Karls,9.8
germany,4106160002215,Hopster,Hopster,5.1
germany,4009418288990,Zitronen Limonade,Tip,7.9
germany,4311501418710,Cola mix,Gut & Günstig,9.6
germany,4038449004002,,Spezi,9.8
germany,4388844254831,Maximal G  sugarfree,REWE,0.0
germany,5000112632316,ViO BiO LiMO - Kräuter - leicht,Vio,4.3
germany,54491212,Mezzo Mix,Coca Cola,7.9
germany,4000140709272,Lemon & Mint,Schweppes,9.8
germany,42151807,StarDrink Orange,StarDrink,7.6
germany,4100590420120,Presta Orange Maracuja,Apollinaris,1.9
germany,5000112639438,Coca vanille sans sucre,Coca-Cola,0.0
germany,42354314,Community Cola,Community Cola,9.8
germany,4013143010405,Teeträume,Bad Liebenwerda Mineralquellen,4.3
germany,5449000260697,Fanta Mango ohne Zucker,Fanta,0.3
germany,42230397,Flirt Orange Zero - Orangenlimonade,Flirt,0.0
germany,4014086011634,Glorietta Cola Mix,Oettinger,8.4
germany,3838999151390,Sola Ice Tea breskev peach,Sola,9.1
germany,10618628,Iso Light - Grapefruit-Citrus,Proformance,4.3
germany,4260191131235,Schuhbeck’s Ingwer Wasser still,Bizz'up,0.1
germany,4004042055154,Bizzl Mandarine Mango,bizzel,9.3
germany,4388440092615,Cola Zero,Penny,0.0
germany,4102560020927,Juicy Still Grapefruit - Himbeere,Rhön Sprudel,6.9
germany,4031818005358,Disco cols,Cannewitzer,9.9
germany,9015340103510,,,6.3
germany,4056489013600,Tonic water - Indian tonic,Lidl,8.0
germany,4105960003958,Limette,deit,0.3
germany,4060800159656,Pepsi light lemon,pepsi,0.0
germany,01526026131000000079,Durstlöscher,QuickVit,8.8
germany,10526026131000000079,Durstlöscher,QuickVit,8.8
germany,42256618,Rote Brause,Freeway,3.5999999046326
germany,4048517662850,Die Limo Leicht,Granini,4.4
germany,4017434000083,Bad Brambacher Sport,Bad brambacher,4.3000001907349
germany,4311501410844,Gut & Günstig Eistee Zitrone,Gut & Günstig,6.5
germany,4005163055207,DAUNER ORange Kalorienarm,DAUNER,1.4
germany,4102380031424,"Hella Limo Pfirsich 0,75L Merken",hella,7.1
germany,90097294,,Vöslauer,2.6
germany,42200871,Orange Zero,Stardrink,0.3
germany,4102380028752,Wasser,Hella,5.1
germany,4018873003208,Osta Sandi,Osta,7.3
germany,5449000196613,Coca-cola Coke Vanilla,Coca Cola,10.6
germany,4060800151391,Cola - Pepsi Twist,Pepsi,10.8
germany,4060800176752,,Pepsi,0.0
germany,19786285,Thomas Henry Ginger Ale,Thomas Henry,9.0
germany,4060800176721,Pepsi Max Lemon,Pepsi,0.0
germany,4000140711947,American Ginger Ale Zero,Schweppes,0.0
germany,4000547001597,Lütts Landlust Rhabarber,Lütts Landlust,7.3
germany,4004210000689,Orangenlimonade light,Gerri,0.7
germany,4034457003938,Seezüngle Rhabarber,Seezüngle,4.0
germany,4388860229165,Penny cola,Penny,9.0
germany,4005906002253,Pink Grapefruit Sport isotonisch,Adelholzener,4.5
germany,4000732002200,Braumeisters Wilder Holunder,Hochdorfer,6.4
germany,4014618938880,zotrine,Zickzack GmbH,5.5
germany,06058409,Uludağ gazoz,Erbak-uludağ,8.5
germany,07818707,Root Beer,A&W,46.0
germany,1402267660000,Dryck Bubbel Päron,Ikea,10.0
germany,3174780000431,Boisson rafraîchissante aux extraits végétaux,Coca-Cola,10.6
germany,4017434003060,Garten-Limonade,Bad Brambacher Mineralquellen,11.0
germany,4034457003921,Träuble Erfrischungsgetränk aus biologischen Zutaten,Seezüngle,4.0
germany,4260310554976,Tonic Water,Thomas Henry,9.3
germany,4008287919554,Krombacher‘s Fassbrause (Cola & Orange),Krombacher,9.8
germany,4388860229042,Cola in the Sun-Mix,Penny,9.1
germany,4062139000548,Pepsi Max Vanilla,Pepsi,0.0
germany,4012852204846,Now Bio Pink Rhabarber Bio-Limo,Lammsbräu,7.8
germany,4056622205442,Pepsi MAX,Pepsi,0.0
germany,42270379,Cola,Freeway,9.7
germany,4005906004585,Active O2 Iced Passion Lime,Adelholzener,3.8
germany,5000112639360,Fanta Manderine,Fanta,0.5
germany,4260605060182,Schüttel-Limo Ingwer-Himbeere,Klosterkitchen,7.7
germany,4001716036136,Die Schor!e Apfel,Beckers Bester,7.2
germany,4388860148060,Orangenlimonade,,0.0
germany,4066600204305,,Paulaner,0.5
germany,4063367353925,Strong Cola,Crazy Wolf,10.0
germany,4260473468059,Cola,Wunder Cola,5.4
germany,42194422,Cola Zero Sugar,freeway,0.0
germany,2000000134814,Premium Cola,Premium,9.4
germany,4001513004031,Tee - Schwarztee-Pfirsichgeschmack,Gerolsteiner,4.0
germany,4260426040820,Fanta Orange,Fanta,4.7
germany,4260402830254,Fz Original Cola-Mix,Fz,10.3
germany,4000140701351,Orangina Rouge,Orangina,9.7
germany,42428053,Fassbrause Blaubeere,Vielanker,8.8
germany,4017434003480,Garten-Limonade Schwarze Johannisbeere,Bad Brambacher,8.6
germany,3838471035729,Cockta original,Cockta Original,10.3
germany,54017245,Mango & Dragonfruit,Fanta,6.1
germany,9002999037037,mate original,Egger,6.8
germany,4337256322843,Sunnyś Cola Orange Eis,Rewe,19.0
germany,4056489666059,Zitronenlimonade,Freeway Lidl,8.6
germany,4002343002808,Ensinger Zitronen Limonade,,8.5
germany,4102560081553,Cola-Mix,,3.2
germany,4260081050462,Bio Zitronenlimonade,Füchsen,7.7
germany,9002999034678,Limo Zitrone,,6.3
germany,4250843945358,Sunkist Pomegranate,Sunkist Granatapfel-Apfel,7.2
germany,4260009010127,Waldmeister Brause,Menschel-Limo,7.5
germany,4017943004039,Moma - Lemon Wasser,Mona,0.0
germany,4260701490005,Colagen Peptide,Collide,0.0
germany,4021619019593,King's Johannisbeere,Getränke König,6.4
germany,4053400290034,Grüner Tee Mango,Ti,4.0
germany,4019424051679,Cola Mix,Aloisius Quelle,9.0
germany,4337256087520,LaMate,REWE Beste Wahl,5.0
germany,4001325088410,Deit Orange,deit,0.5
germany,4104580070609,Spezi e:nergy,Spezi,12.0
germany,4044703005487,The Real Cola by Booster,Booster Veritas Vertriebsges.,10.6
germany,4051913101199,Genuss Limonade,,9.1
germany,4013595328516,Vita Cola Pur,Vita,11.0
germany,4104450003263,Tropische Früchte,Deit,0.5
germany,4001513001115,Orangen Limonade,Gerolsteiner,8.2
germany,4104640026621,Himbeere,Förstina Sprudel,7.8
germany,4047247003803,River Cola Zero,River,0.0
germany,4100060029204,Cola,,11.0
germany,4313042734755,SOLIMATE,Solidrinks,5.0
germany,4060800103765,7up,7up,10.4
germany,4013595001136,Vita Cola Original,Vita,8.8
germany,5000112639803,Cola Light Taste Ginger Lime,Coca-Cola,0.0
germany,4260449690293,Drink Zitrone,Ahoj-Brause,9.0
germany,4260475680152,Ananas Minze,Balis,7.4
germany,4005906002819,Holler Vitamin-Getränk,Adelholzener,6.8
germany,4311501709931,Cola mix,Edeka,1.6
germany,4060800105189,Pepsi Max,Pepsi,0.0
germany,42142201,Fassbrause nach altem Berliner Rezept,Fassbrause,8.5
germany,4062139001927,Mirinda Zero,PepsiCo Deutschland GmbH,0.2
germany,10266779,Cola,Vita,8.8000001907349
germany,4062139001644,Pepsi light,PepsiCo,0.0
germany,3124480193643,Schweppes pink tonic,Schweppes,4.3
germany,5000112646870,Fanta?,Fanta,0.1
germany,4062139001767,Pepsi Max Vanilla,PepsiCo,0.0
germany,4017434003046,Garten-Limonade Pink Grapefruit,Bad Brambacher,11.0
germany,8002270026799,creazioni,San Pellegrino,2.0
germany,4104420233607,Zitrone Ingwer Limonade,Alnatura,5.5
germany,4062139001880,7up free,Pepsico,0.0
germany,90097874,Vöslauer balance juice,Vöslauer,3.1
germany,4004042016148,Isofit,,4.3000001907349
germany,4012852204648,Rharbarber Pink NOW by Lammsbräu,,0.5
germany,4007892010038,Guaven Limonade,GUA,7.3000001907349
germany,4104450002143,Apfel Kirsch,Vilsa,4.4
germany,4056489013716,Colossus energy drink,Colossus,4.8
germany,42307655,Flumi Cola-Mix,,0.0
germany,4004768261501,Allgäuer Schbrudl Zitrone,Allgäuer Mineralwasser,7.5
germany,42399049,Mezzo Mix,The Coca Cola Company,7.9
germany,4306188416180,Orangenlimonade,Jeden Tag,0.5
germany,8691381000257,Beypazari Lemon,,8.5
germany,5449000664891,Fanta lemon,Fanta,0.0
germany,1094922076211,Hermann Brause Zitrone,Hermann,8.6
germany,4022652112449,Zitronenlimonade,Schwollener,12.0
germany,4104450005601,Apfelschorle,Vilsa,5.5
germany,4260384490040,Limoment,Limoment GmbH,6.5
germany,4000417500014,iLimonade Kakaofrucht,Cacoa Vida,4.9
germany,4260667060724,Berry Cruza,4bro,8.6
germany,5901586004077,Tropic Brause,Marino,0.0
germany,42006381,Flumi Zitrone,flumi,7.7
germany,42200666,Vielanker Sanddorn Limonade,Vielanker,9.9
germany,4061458278973,Ski-Wasser,Quellbrunn,2.9
germany,4032549028265,Fanta traube,Fanta,84.0
germany,4026285002832,Citronella,Bissinger Auerqurlle,10.0
germany,4026285001026,Blutorange,Bissinger Auerquelle,11.0
germany,4305615879147,Leichte Limo Orange Mango,Rossmann,4.1
germany,9001445007204,Jogurt Pfirsich-Birne,Keli,4.0
germany,4022753018404,cola mix,Finkbeiner,9.7
germany,4022437004310,Libella Fit 0% Zucker Orange,Privatbrauerei Püls,0.5
germany,4026285001323,Sport,Bissinger Auerquelle,3.9
germany,4061462459719,Bio-Limonade - Apfel-Zitronen-Ingwergeschmack,Gut Bio,7.9
germany,4026285000647,Caruso,Bissinger Auerquelle,8.2
germany,1230000096041,Jarritos Mango,jaritos,9.0
germany,4316268607186,Wild Berry,Stardrink,8.9
germany,7617500044101,Apéritiv Tonic Water,aperitiv,8.0
germany,5449000025173,Coca-Cola Less Sugar,Coca-Cola,7.52
germany,4002846034894,Lemon +,Mio Mio GmbH,6.6
germany,4029764001906,Club-Mate Zero,Club-Mate,0.0
germany,4260419420080,Cucumis Lavendellimonade,Cucumis,4.8
germany,5449000187390,Coca-Cola Zero Sugar koffeinfrei,Coca-Cola,0.0
germany,5449000138514,Coca Cola Zero 6 pack,Coca-Cola,0.0
germany,5449000122995,Vio Bio Limo,Vio,8.9
germany,5000112548068,Coca-Cola Classic,Coca-Cola,10.6
germany,4015042102021,Multi Vitamin Mehrfruchtsaftgetränk,Kingsway,11.0
germany,4007656063324,Vitrex mit Erdbeer Geschmack,Vitrex,2.4
germany,4080300001316,,,8.4
germany,9008700227834,Evil Juice Manic Mango,Rauch,9.4
germany,6281034007171,Barbican Malt beverage Apple,Barbican,7.6
germany,4104450004277,Vilsa Limonade Orange,Vilsa,9.0
germany,4260231225733,Fanta tropical,Fanta,13.2
germany,4106180136518,Waldi & Baldi,Brauerei Neunspringe Worbis GmbH,3.5
germany,42218500,Das Original Spezi,,9.8
germany,4051913101281,Genuss Limonade,Teinacher,9.5
germany,4021155100441,cola,B!G,2.5
germany,4260107227106,Anjola Bio-Limonade - Ananas & Limette,fritz-kola,9.8
germany,0079581184010,Ocean Blue Lemonade,Calypso,10.4
germany,4260486210126,handgemachte Schorle Johannisbeer-Geschmack,ailaike,4.5
germany,4102380042048,Pink Caribic,Hella,3.7
germany,5029396003063,,Fentimans,4.3
germany,5000112604450,Cola Zero,Coca-Cola,0.0
germany,4260682450388,Daiquir Ish lime,ish,10.0
germany,4000140717062,Cherry,Dr Pepper,6.8
germany,8720663431318,Milkis Strawberry,Lotte,12.0
germany,4002627811508,MEXI Cola-Mix,Frankenbrunnen,10.0
germany,54493896,"Mezzomix 0,33",Mezzo Mix,10.1
germany,0049000014242,Fanta myrtilles,Fanta,12.15
germany,4262420890043,Paulberger - Lemon,Paulberger,4.3
germany,4337256688185,Apfelholunderblüte Erfrischungsgetränk,Penny,5.8
germany,4260705331175,Bratee Limo Mango,UniBev,8.9
germany,3057640521683,Volvic Essence Zitrone-Apfel 75cl PET,Volvic,0.0
germany,4029764001807,Club Mate,Club Mate,5.0
germany,8690723162301,Original Grün,Erbak-Uludağ,8.5
germany,4337256776400,Comet Cola,Penny,8.7
germany,4260310554990,Spicy Ginger Beer,Thomas Henry,14.0
germany,5449000105394,"Coca-Cola 6 x 1,25l",Coca-Cola,10.6
germany,4337256092173,Waldmeister Sirup,Rewe Beste Wahl,72.9
germany,5060108450546,"Tonic Water Mediterranean 0,5l flaske Fever-Tree",Multibev,7.4
germany,4001513006905,Gerolsteiner Apfelschorle,Gerolsteiner,5.3
germany,3057640574993,"Volvic Tee Sugarfree ZERO Zitronen 1,5L EW",Volvic,0.0
germany,4047247384476,Flirt Tonic Water,Flirt,7.9
germany,5449000000996,Coca-Cola,Coca-Cola,10.6
germany,4260344213870,Kinder Cola,MS Arena-Drinks,4.5
germany,4260705332196,Vitaminwasser - Sauerkirschegeschmack,Vitavate,0.0
germany,4260107222415,Bio Rhabarberschorle,fritz-spritz,6.8
germany,5000112567625,,Powerade,3.8
germany,5000112576009,Coke Zero,Coca-Cola,0.0
germany,8719128117805,Pepsi max cherry,Sodastream,0.0
germany,9009700306604,Balance Juicy Zitrone,Vöslauer,2.6
germany,4030165004182,Zitronella,Hohenthanner,8.6
germany,4006338005744,Johannisbeer Spritzer,Jesuiten Quelle,7.0
germany,4027109005800,Blue Cool - Erdbeergeschmack,High Speed,3.9
germany,4061458252843,Cola Zero Sugar,River,0.0
germany,4000140713927,Schweppes Tonic Water,Schweppes,7.4
germany,8002270876790,Chinò,San Pellegrino,8.9
germany,4388440097993,Zitronen-Limonade,Penny,7.6
germany,0049000014266,Fanta strawberry 355ml imp,Fanta,13.5
germany,4316268699860,Stardrink Cola,Stardrink,9.7
germany,4316268705585,Bubble Tea - Peach-Flavour,Take Away,8.8
germany,42367642,Bio Mehrfruchtlimonade,Bio,7.9
germany,5000112545326,Coca-Cola,Coca-Cola company,10.6
germany,5449000308740,Sprite,Sprite,7.9
germany,4047247514132,Aqua to go,Quellbrunn,0.0
germany,4061462029981,Premium Eistee - Grüntee Zitronen-Kaktusfeigen-Geschmack,Flirtea,6.2
germany,54491014,Coca Cola Original Taste,Coca-Cola,10.6
germany,5000112548129,Sprite,Sprite,8.0
germany,90370960,Coca-Cola Original,Coca-Cola Company,10.6
germany,4335619077188,Cola Zero Sugar Zero Koffein,Freeway,0.0
germany,4062139025671,Pepsi Zero Zucker,Pepsi,0.0
germany,8002270406799,Naturali Limonata,San Pellegrino,8.0
germany,3057640521928,Volvic Essence Minze-Gurke 75cl PET,Volvic,0.0
germany,5000112510379,Fanta Lemon (light),Coca Cola,4.4
germany,4012852253813,NOW pure Zitrone,,8.0
germany,4002846034306,Cola original,Vivaris,11.0
germany,4311501416303,Ginger Ale,Gut & Günstig,9.1
germany,4017943110051,Landpark bio Quelle lemon,Landpark Bio-Quelle,0.0
germany,9100000441849,Sodawasser,Sbudget,0.0
germany,4002208017114,Fassbrause Zitrone,Gaffel,4.5
germany,5449000130389,Original Taste,Coca-Cola,10.6
germany,90424922,simply cola,Red Bull,8.8
germany,5000112514100,Lemon elderflower,Fanta,6.7
germany,4005906003816,Apfelschorle,Adelholzener,5.8
germany,4335896385631,Apfel-kirsch Drink,Classic,9.5
germany,5449000132499,Orange,Fanta,4.5
germany,4005249002644,Fassbrause,Veltins,5.67
germany,4014472280095,Bionade Naturtrübe Zitrone,Bionade,5.6
germany,42105220,Coca Cola,Coca-Cola,10.6
germany,4260107220022,Fritz-kola sans sucre,Fritz kola,0.0
germany,5000112668766,Fanta Zero Sugar,Coca-Cola,0.3
germany,8435185964076,,Orangina,9.0
germany,5000112626070,Fanta Lemon ohne Zucker,Coca-Cola,0.0
germany,4000140702785,Dr. Pepper,Dr Pepper,6.8
germany,54490147,Coca-Cola,Coca-Cola,10.6
germany,7611330959123,Citro,Faemer,0.0
germany,4002846036812,Bergkräuter Limo,Kräuterbraut,4.9
germany,4002846036836,Zitrone Minze Limo,Kräuterbraut,4.9
germany,4060800151438,Schwip Schwap Zero,PepsiCo,0.3
germany,4060800153838,Schwip Schwap Zero - Cola & Orange,PepsiCo,0.3
germany,4060800158925,Schwip Schwap Zero - Ohne Koffein,PepsiCo,0.28
germany,4060800158956,Schwip Schwap Zero ohne Koffein,Schwip Schwap,0.3
germany,4062139001804,Schwip Schwap - Cola & Orange,PepsiCo,9.7
germany,8719128117331,Schwip Schwap Sirup - Cola & Orange,Sodastream,12.0
germany,4060800154842,Schwip Schwap Zero - Cola & Orange,PepsiCo,0.3
germany,42456551,Limo Orange,Gerolsteiner,7.2
germany,4260178730116,"Proviant, Zitronenlimonade Naturtrüb",Proviant,6.9
germany,90151668,Almdudler original,Almdudler,7.9
germany,5060639126682,Monster Pacific Punch,Monster,11.0
germany,4015732083401,,,0.5
germany,5449000123008,Vio Bio Limo Zitrone-limette,Vio Bio Limo,9.5
germany,4260705330680,Vitaminwasser - Zitronengeschmack,Vitavate,0.0
germany,4337256654814,Ananas Drachenfrucht,Rewe Beste Wahl,7.5
germany,5000112563108,"Mezzo Mix Zero 0,5L",Coca Cola,0.2
germany,5054267000193,Energy Orange,Lucozade,4.5
germany,4060800150684,pepsi Light,Pepsi,0.0
germany,8690723112306,Uludag Gazoz,Uludag,8.5
germany,4060800159700,Pepsi Max Cherry,Pepsico,0.1
germany,8718612000821,"AriZona Peach 1,5",Arizona,4.8000001907349
germany,5000112547702,Coca-cola Cola (diet),Coca-Cola,0.0
germany,3057640550393,Volvic Essence Zitrone-Apfel 125cl PET,Volvic,0.0
germany,3057640503283,"Volvic essence Apfel-Zitrone-Ingwer 0,75L",Volvic,0.0
germany,3057640541483,"Volvic Limotion Orange 0,9L EW",Volvic,4.5
germany,3057640558238,"Volvic Limotion Blutorange 0,45L EW",Volvic,4.3
germany,3057640541728,"Volvic Limotion Orange 0,45L EW",Volvic,4.5
germany,3057640530098,"Volvic Bio Coffee mit Arabica-, Maracuja & Litschigeschmack 0,75L EW",Volvic,2.3
germany,4104450004475,Vilsa Plus Bio Orange,Vilsa,0.0
germany,7610057026316,Sinalco,Sinalco,10.0
germany,42142348,Welissa,Wellissa,4.7
germany,4060800178008,Pepsi Max,Pepsi,0.0
germany,4011094105607,Brauer Brause,Hachenburger,1.0
germany,4058172917912,DM Bio Kräuter Limo,Dm Bio,7.0
germany,4018715004738,Cola Zero,Sinalco,0.0
germany,4060800156488,"7 Up Free - 1,5 L",7 up,0.0
germany,4066600204404,Paulaner Spezi Zero 1x Flaschen à 0.5 Liter zzgl. ???€ Pfand 13.99€ plus ???€ Pfand 1l 1.00€,Paulaner,0.5
germany,4260422210098,green cola,green cola,0.0
germany,5000112638905,Fanta Mango,Fanta,0.3
germany,5000112653991,Coca Cola,Coca-Cola,11.2
germany,90331701,,Fanta,7.1
germany,4018715004394,Zitronenlimonade,Sinalco,10.0
germany,5000112562446,Sprite Zitrone-Limette ohne Zucker,The Coca Cola CompanySprite,0.0
germany,5060040190111,Yuzu & Lemon,Mangajo,6.6
germany,4101810000313,Ice Pops,Busemann,12.0
germany,4002627803855,Mineralwasser medium + Brombeere,Franken Brunnen,0.0
germany,41030240,Zitronenlimonade,BLUNA,10.0
germany,4018715004196,Sinalco Orange,Sinalco,9.5
germany,8801069402451,Strawberry & Cream,Chupa Chups,41.0
germany,5000112638806,CocaCola Zero Sugar – Null Zucker,Coca-Cola Company,0.0
germany,5000112639391,cherry zero,Coca-Cola,0.0
germany,4270002470705,Premium Cola,Premium,9.4
germany,4260694072554,ALGE Holunder Geschmack,ALGE X FJU,7.3
germany,4017943110129,Rote Mandarine,Landpark,0.0
germany,90490897,Vio Orange,ViO,8.6
germany,4260178732318,Proviant Cola,Proviant,9.6
germany,19613337,Mountain Dew,Mountain Dew,12.2
germany,4316268632133,Zitrone Zero,StarDrink,0.3
germany,24043434,Thunfisch Dose,Almare,10.699999809265
germany,4004042254748,Bizzl Summer,,11.0
germany,4012852204938,Cherry Cola (Bio),now by Lammsbräu,6.9
germany,4104850000336,ACE-Getränk,ace vital,10.5
germany,4062139005215,7up,7up,4.6
germany,8002270596803,San Pellegrino Naturali Aranciata,San Pellegrino,8.1
germany,4250616678087,Waldmeister,Ahoj-Brause,9.0
germany,4066600204435,Spezi Zero,Paulaner,0.5
germany,4260261960260,Coca-Cola Cherry,Coca-Cola,11.8
germany,4101130525121,Pfirsich,Rheinfels Quelle,0.0
germany,4016729059508,Sturmius Cola Orange,Sturmius,10.0
germany,4061459713237,Iso Light - Apfel-Kräuter,TopSport,4.4
germany,4005906003632,Bleib in Form Grapefruit,Adelholzener,1.2
germany,4060800139672,Miranda,Pepsi,9.4
germany,4061458252850,Cola Mix Zero,River,0.0
germany,4001513001429,,Gerolsteiner,0.0
germany,4260287187085,Vitamin Well Refresh Kiwi / Lemon,,4.2
germany,4062139001620,Pepsi,Pepsi,7.0
germany,4260009010110,Menschel Himbeer Brause,Menschel-Limo,7.5
germany,4017943110105,Bio-Zitronen-Holunderlimonade,Landpark Bio-Quelle,7.1
germany,7350042718993,Vitamin Well Boost,Vitamine Well,3.9
germany,7640115252739,,Coop,0.0
germany,4027109905858,Blue Cool,,3.9
germany,42200697,Vielanker Fassbrause Original,Vielanker,9.3
germany,4001217003620,Emsland Perle light,Vivaris Getränke GmbH & Co. KG,1.2
germany,4000140711763,Dr Pepper Zero Sugar,Dr Pepper,0.0
germany,4020655026008,Hornecker Cola-Mix,Hornecker,9.9
germany,87126877,Coca-Cola light,Coca-Cola,0.0
germany,90490712,,Vio,9.2
germany,4337185907876,Strong Cola,Crazy Wolf,10.0
germany,4388860420616,Erfrischungsgetränk Orange Rosmarin,rewe,9.8
germany,4015732006141,ClubCola,Spreequell Mineralbrunnen GmbH,9.9
germany,4260107226956,Fritz - Kola + Guarana,fritz-kola,0.0
germany,7613312292389,Cola zero,M Budget,0.0
germany,4007656054001,Grapefruit kalorienarm,Schwarzwald-Sprudel GmbH,2.0
germany,4260412063338,Orange - Flamingo Feeling,Eizbach,9.6
germany,9040400002144,Durst Löscher Sauerkirschzitrone,Convivo GmbH,11.0
germany,4388860450019,Rewe Beste Wahl die Cola,Rewe Beste Wahl,10.6
germany,4260310557465,Wild Berry,Thomas Henry,9.0
germany,0079581184003,Original lemonade,,11.21
germany,8586011330470,červená limonáda,Vinea,9.5
germany,4000140713170,Bitter Lemon,Schweppes,12.1
germany,4017943115537,Landpark Bio-Quelle Grantapfel Acai,Landpark,3.4
germany,4060800148766,Pepsi Max,Pepsi,0.0
germany,4102560020286,Apfel-Pflaume Schorle,Rhön Sprudel,5.4
germany,4047247003100,River Mix,River,9.2
germany,4102380038096,Hella Wellness Birne-Mango,Hella,5.1
germany,4337185361357,ProAqua Kirsch,K-Classic,3.6
germany,4017434002599,Garten-Limonade Orange,Bad Brambachee,11.0
germany,4056489412281,Sodasirup Cola Geschmack ohne Zuckerzusatz,Freeway,0.0
germany,4099200221779,Tonic Water Hofer,spitz,8.9
germany,4260178732325,Cola,,0.0
germany,4106180136419,Jim Him,9 Springe,3.5
germany,4001513001191,Limo Zitrone,Gerolsteiner,7.9
germany,4388840214341,Cola-Mix,ja!,0.0
germany,4008073153407,Zitronenlimonade,,0.5
germany,42296195,Sylter Brause,Der Friesennerz,9.9
germany,4260231222312,Fanta Exotic,Fanta,13.0
germany,4013256012082,Lichtenauer Mandarine Mango,Lichtenauer,9.3
germany,4000140713392,Schweppes Zero,Schweppes,0.0
germany,4013595644630,Vita Cola Mix,Thüringer Waldquell,10.0
germany,4048517634949,Die Limo - Leicht - Zitrone-Minze,Granini,5.1
germany,4104640026423,Erfrischungsgetränk mit Zitrone Ingwer Geschmack,Förstina Sprudel,10.0
germany,4311501420126,Spitzer,Edeka,7.5
germany,4008340000731,Spezi,Spezi,9.2
germany,4388441337241,,Penny,9.3
germany,5449000057914,#WHATTHEFANTA Ohne Zucker Limited Edition,Fanta,0.4
germany,4000140712661,Fruity mango & passionsfrucht,Schweppes,7.9
germany,4018715140610,Sinalco Cola,Sinalco,10.0
germany,4018715140603,Sinalco Orange,Sinalco,9.5
germany,4102610506692,Tonic Water,haindl’s,9.3
germany,12000810,,,0.0
germany,4104450004383,Vilsa Limette,Vilsa,11.1
germany,8002516613905,Limonata,,12.0
germany,9010800903037,Orange,Privatquelle Grouper GmbH,1.6
germany,4013595324921,Orangenlimonade,Rennsteig,8.1
germany,4313042734762,SOLIMATE,Solidrinks,5.0
germany,4260475680374,Cranberry Rosmarin Cosmo,Balis,7.1
germany,42335146,Bio-Orangenlimonade,,9.2
germany,4260310557571,Tonic Water,Thomas Henry,9.3
germany,4015533035999,Cola,Voelkel,8.5
germany,4311501418666,Cola,Edeka,9.7
germany,4013595645422,Vita Cola Pur,Vita Cola,11.0
germany,4902102144995,Fanta Pêche Blanche,Fanta,12.0
germany,5901586004053,Kirsche Brause,,0.0
germany,8032919465030,Il nostro chinotto,Lurisia,14.3
germany,80145455,Lemon soda la limonata solo da limoni italiani,Freedea,13.0
germany,5449000148728,coca cola zero,Coca-Cola,0.0
germany,20243258,Erfrischungsstäbchen Orange-Zitrone,Tomarchio,72.0
germany,9008700227872,Evil Juice Licky Lime,Rauch,9.5
germany,4021155101738,Mr Max,Mr Max,0.30000001192093
germany,5000112562439,Fanta orange zero,Fanta,0.3
germany,5060108450324,Indian tonic water,Fever-Tree,3.8
germany,8718692616233,Diet Tonic,Sodastream,0.0
germany,42202707,Top Sport ISO Light grapefruit citrus,TopSport,4.4
germany,5000112547801,Mezzo Mix,Coca-Cola,7.9
germany,4260705331854,The Good Drink,,3.1
germany,4005906002765,"Adelholzener, Adelholzener Apfelschorle Getränke",Adelholzener,5.8
germany,5449000263810,"Coca Cola Fanta mandarine ohne zuckerzusatz Coca-Cola Fanta mandarine ohne zuckerzusatz  Mehrweg Pet 1L X1 1 l (1,29 € / 1 l) zzgl. Pfand 0,15 €",Fanta,0.5
germany,42256731,Freeway Lemon Zero,Freeway,0.0
germany,4061459713213,Iso Light - Pink Grapefruit,TopSport,4.3
germany,7611330295337,Apfelschorle,Farmer,6.6999998092651
germany,5449000017956,"Getränke  MEZZO MIX  Coca-Cola MEZZO MIX  Mehrweg Pet 1L X1 1 l (1,29 € / 1 l) zzgl. Pfand 0,15 €",Mezzo Mix,10.1
germany,4014472002482,Kräuter,Bionade,5.0
germany,4009228121654,Cola-mix,,9.3
germany,4001217003781,Vivaris Sport,Vivaris,4.3
germany,4388860289350,Tonic Water,REWE Beste Wahl,8.2
germany,4388860580730,fanta,Penny,8.1
germany,4260044672083,Apfelsinfonie (Alkoholfrei Prickelnd),Manufaktur Jörg Geiger,10.8
germany,4260310550268,Bitter Lemon,Thomas Henry,10.0
germany,5449000004123,Fanta #what the fanta,Fanta,0.4
germany,42256267,Radler alkoholfrei,Karlskrone,6.0
germany,4013143050180,Ginger Ale,Bad Liebenwerda,9.2
germany,4102560040246,isoSport,Rhön Sprudel,4.2
germany,42202059,Aqua Wasser mit Kirschgeschmack,surf,3.4
germany,4007656053004,Schwarzwald Sprudel Orange Kalorienarm,Schwarzwald Sprudel,1.7
germany,4260605060199,Organic Power Drink Fruit Mango,Klosterkitchen,7.8
germany,5000112642988,Coca Cola Zimt ohne Zucker,Coca-Cola,0.0
germany,4104450003171,deit zuckerfrei Citro,deit,0.0
germany,4388860581003,ja! Zitronenlimonade,ja!,8.0
germany,42392231,Fruity (Beeren-mix),Quellbrunnen,6.7
germany,5000112643008,,Coca-Cola,0.0
germany,4311596600069,Booster Cola Energy Drink,Booster,33.0
germany,9001372996558,Prinzessin Emmy und ihre Pferde,Goal,5.7
germany,4260212911051,Kid's Cola,Holly,8.7
germany,4000140706202,Schweppes Ginger Beer,Schweppes,13.4
germany,85952492,Orange,Mattoni,4.5
germany,4025127092505,effect massive guava,effect,7.3
germany,4902102136501,Coca Cola Apple,Coca-Cola,11.4
germany,4066600300458,Spezi,Paulaner,9.2
germany,4337185149351,Fanta,K-Classic,9.2
germany,4262378650140,Emyo Limonade Mermaid Fantasy,Emyo,7.0
germany,4337185149542,Tonic Water,Kaufland,8.0
germany,4102380503136,Limo fruchtige Orange,Fürst Bismarck,6.7
germany,4004042226325,Cola,bizzl,11.0
germany,4260301527101,Coke Zero Lemon,Coca Cola,0.0
germany,4018873003901,Pittiplatch Kinder Cola,,7.9
germany,4004768261518,Allgäuer Schbrudl Orange,Allgäuer Alpenwasser,92.0
germany,4105960003651,Cubana,Höllensprudel,10.0
germany,9002349000469,Franken Markter Orange Zuckerfrei,Frankenmarkter,0.0
germany,4002627400856,Ilis Brause,Ileburger,3.5
germany,4260705331311,Lombi Cola Zero,Lombi,0.0
germany,4260667062742,ICE TEA Apricot Strawberry,4BRO,6.6
germany,4044703008518,The Real Cola Zero,Booster,0.07
germany,4008287948790,Spezi,Krombacher,9.0
germany,4004210805222,Gerri Zero Pink Grapefruit,Gerri,0.0
germany,4047247652971,,,6.2
germany,4001906000268,Cola Mix Wenig Kalorien,Adelholzener,4.0
germany,4002846034962,Misch Masch,Mio Mio,6.9
germany,4260231225498,Fanta Watermelon,Fanta,0.3
germany,4013595309478,Grapefruit Zitrone,,4.2
germany,9040400002243,Durst Löscher Kirsch-Banane,Durstlöscher,11.0
germany,4280001274099,kolla,kolle,8.0
germany,4102380502146,Frische Brise,,2.5
germany,4105750000754,Spezi Zero,Spezi,0.5
germany,4005608072851,Cola-Mix,VC,9.5
germany,4260178739799,Bio Schorle Kirsche & Granatapfel,Proviant,5.9
germany,4102430077471,Orginal Bitburger Fassbrause Zitrone,Bitburger,6.0
germany,4062139002252,"Pepsi Max, Cherry Geschmack",Pepsi,0.0
germany,4061458248693,Bio-Limonade - Orangengeschmack,Gut Bio,8.5
germany,42423003,Gerolsteiner Zitronen-Limonade,Gerolsteiner,7.9
germany,4388810057701,Cola,ja!,8.7
germany,9120033164959,Sovit,SV Natural Drinks,7.1
germany,42173564,Apfel Schorle,Netto,6.0
germany,5000112650556,Powerrade sports,,4.1
germany,4026285000920,Eistee Pfirsich,Bissinger Auerquelle,8.8
germany,4062139002238,Pepsi light,Pepsi,0.0
germany,4000140702501,Dr Pepper,Dr Pepper / Seven Up,6.8
germany,4000140012150,,Orangina,10.3
germany,4000140700583,Wild Berry,Schweppes,9.0
germany,4337185148712,K-Classic Cola -Z,K-Classic,0.1
germany,4004042020213,Zitronenlimonade,hassia,7.7
germany,4000140705625,Dr pepper,Dr Pepper,6.8
germany,54007826,Coca Cola Zero,coca Cola,0.0
germany,4004042227322,Cola - Mix,Bizzl,11.0
germany,5449000275523,Fanta Shokata,Fanta,6.8
germany,4011803092174,Spezi,Spezi,9.2
germany,86933148,Frutti,uludag,8.1
germany,4026259000079,Lipz Schorle Rhabarber,Egenberger Lebensmittel GmbH,4.49
germany,4005906002529,Adelholzener Bio Rhabarber,Adelholzener,7.2
germany,4001716036075,mein beckers bester - die Schorle Maracuja,Beckers Bester,6.6
germany,4104450001207,Vilsa limonade Orange,vilsa,9.0
germany,21107443,Fanta Lemon,Asda,0.0
germany,4002846034702,Lapacho Lemongrass,Mio Mio,4.8
germany,42359012,Bio Limonade Zitrone,Honest,5.7
germany,10526036131000000079,Durstlöscher,QuickVit,11.0
germany,4005517016052,Folsäure,Amecke,9.6
germany,4311501420157,Spritzer,Edeka,6.5
germany,4051913101038,Genuss Limonade Orange-Mandarine,Teinacher,10.0
germany,4334011008998,,real Quality,9.6
germany,4013595054149,Vita Cola Original,Thüringer Waldquelle,8.8
germany,4051913101069,Genuss Limonade Zitrone,Teinacher,11.0
germany,42186816,Tonic Water,Stardrink,8.5
germany,57106021,Appelsin,Frem,10.0
germany,4014472280101,Bionade Nat. Orange,Bionade,5.5
germany,4018715004240,Sinalco Zitrone,Sinalco,9.5
germany,4102610504940,RHODIUS Apfelschorle,Rhodius,5.8
germany,4102610007649,afri Cola,afri,11.0
germany,87222531,Raak Vruchtensiroop Reine-claude,Raak,6.7
germany,4017434000113,Zitronen-Limonade,Bad Brambacher,8.8
germany,5006075801233,Tee-Olé,Sachsen Quelle,7.6
germany,4014086011566,Fassbrause Mango,OeTTINGER,5.6
germany,5000112627428,Vio bio Limo,Vio,8.0
germany,4303147092119,iSO Sport,Blankenburger Bergquelle,5.8
germany,4334011190761,"real,- Quality Pfirsichsprudler",real,7.2
germany,4260107222279,Misch Masch,fritz,8.9
germany,4015042100706,Original Lemon Bitter Lemon,Original Lemon,10.0
germany,4000140710582,Tonic - Zero Indian Tonic Water,Schweppes,0.0
germany,4260605060007,Organic Power Drink Fruit Zitrone,Kloster Kitchen,7.8
germany,4005906274766,Active Fresh Orange Sternfrucht,Adelholzener,8.0
germany,5000112639384,Cherry ohne Zucker,Coca-Cola,0.0
germany,4002627405752,fruit & water Brombeere,Sachsenquelle,3.0
germany,8000845065457,,Fonti di Crodo,12.0
germany,8002270216558,Sanpellegrino Aranciata Rossa,San Pellegrino,8.8
germany,8002270386503,Sanpellegrino Aranciata,San Pellegrino,7.8
germany,8014396001024,,Schweppes,10.0
germany,8690723163407,Uludag Gazoz,,21.3
germany,8690723163506,Uludag Gazoz,Uludag,8.5
germany,7290013380517,Cola+Orange-Geschmack,Sodastream,0.6
germany,42372332,Limette,Freeway,4.2
germany,4039401002029,Karls Erdbeer Wasser mit Blubber,Karls,3.7
germany,4015533017858,BioZisch Rhabarber,Voelkel,6.0
germany,42369134,Wild Berry,Freeway,9.0
germany,7750182003339,Inca Kola,Coca Cola,10.5
germany,4008287919974,Krombacher's Fassbrause Maracuja,Krombacher,6.8
germany,3057640485053,Volvic Touch Refresh Edition Holunderblüte,Volvic,2.9
germany,9009700302132,Balance Juicy Erdbeere-pfeffer,Vöslauer,2.9
germany,4260231223111,Coca Cola Cherry,Coca Cola,11.4
germany,4001217004221,Emsland Sonne Orange,Emsland,8.7
germany,4013143050166,Tonic Water,Bad Liebenwerda,8.9
germany,5000112576894,Fanta,Fanta,0.3
germany,4006540001053,iso-light Erfrischungsgetränk,Zwiefalter Klosterbräu,4.2
germany,4002846036928,Kräuterbraut 7-Kräuterlomo,Mio Mio,4.7
germany,4260361930002,Glam Cola,Glam Cola,5.8
germany,4001513008602,"Linée, Litschi Limette",Gerolsteiner,3.8
germany,4008340000755,Spezi Zero,Spezi,0.5
germany,4334011009117,Apfelschorle,Real Quality,6.5
germany,4337185149498,Brause,K-Classic,0.5
germany,4388844267855,Spicy ginger,REWE Beste Wahl,12.0
germany,4053400013664,Clausthaler Radler,Clausthaler,6.8
germany,4004042254038,Premium Limonade Feine Johannisbeere,bizzl,8.7
germany,4004042240321,Bizzl lemon kalorienarm,bizzl,0.6
germany,4001568702050,Vitamalz,Vitamalz GmbH,7.9
germany,4005906004110,"Getränk, Johannisbeer",Adelholzener,3.8
germany,4388860280432,Bitter Lemon,Barkeeper,1.6
germany,4001518113448,Soft Cake Cola-Zitrone,Griesson,52.0
germany,4004042245517,Bizzl Sommer zuckerfrei,Bizzl,0.0
germany,4004661068511,Apfelschorle,Jacoby,6.2
germany,4002343000200,Ensinger Zitrone,Ensinger,8.5
germany,4004042245432,Bizzl Pink Grapefruit,Bizzl,0.0
germany,4005906005469,Adelholzener bio Schorle Apfel,Adelholzener,5.3
germany,4012750670620,Apfelschorle,Rewe Unser Norden,5.5
germany,4012852204235,Now Fresh Lemon,Lammsbräu,7.7
germany,4015732009197,Club Cola Original,,9.9
germany,4012852204242,"Now, Sunny Orange",Lammsbräu,8.4
germany,4012852204822,Golden Peach,now,6.6
germany,4014472005049,Holunder,Bionade,5.0
germany,4014819600777,Küstenbrause,Wittenseer,9.9
germany,4015533014963,BioZisch Bitter Lemon,BioZisch,7.0
germany,4018715002833,Sinalco Orange,Sinalco,9.0
germany,4021155116206,Brause Himbeer,Leynau,0.5
germany,4038745603527,TAPXYH,Monolith,9.9
germany,4045145295009,Die Limo Orange + Lemongras,granini,8.8
germany,4045145295207,"Die Limo, Pink Grapefruit & Cranberry",granini,9.1
germany,4048517634932,Die leichte Limo,Eckes-Granini,5.1
germany,4060800151360,"Pepsi, Cola",Pepsi,10.7
germany,4060800175878,7 up,7 up,7.0
germany,40413822,Durstlöscher Orange,Durstlöscher; riha Wesergold,11.0
germany,4060800111951,Mirinda,mirinda,9.4
germany,4060800151377,Pepsi light,Pepsi,0.0
germany,4060800158482,Pepsi light lemon,Pepsi,0.0
germany,4060800159816,Pepsi Max Cherry,Pepsi,0.04
germany,4102380027052,Erdbeere wasser,Hella,4.2
germany,4102610507088,Maya Mate,Rhodius,5.0
germany,42143536,Cola,Freeway,9.7
germany,42149668,Cola Zero,Surf,0.0
germany,42167280,Urbacher Apfelschorle,Urbacher,5.2
germany,42261162,Fruiity Pfirsich Melone,Active Fruits,6.5
germany,42342021,Bitter Lemon Limonade,Flirt,10.0
germany,4260178737115,NaturCola naturtrüb,Proviant,8.8
germany,4260310550251,bitter lemon,Thomas Henry,9.3
germany,42143680,Cola,Freeway,9.7
germany,42143826,Lemon (Sprite),Freeway,9.1
germany,42270188,IsoSport Grapefruit-Citrus,Freeway,3.9
germany,4260372590288,Orange,liba,8.0
germany,4260439790026,Intense,Black Forest Ginger,6.3
germany,4260436322213,Angeliter Orangenlimonade,Weltbrauerei,10.0
germany,4311596436040,Cola,Gut & Günstig,9.7
germany,4311596460892,Cola Mix Zero,Edeka,0.1
germany,5000112546873,,Coca-Cola,10.7
germany,5000112622720,Vio Bio Limo Leicht Zitrone Limette minze,,4.0
germany,5000112558265,Coca-Cola Zéro sucres,Coca-Cola,0.0
germany,5000112594041,Coca-Cola Zero Sugar Zero Koffein,Coca-Cola,0.0
germany,54004146,Schweppes Prem. Tonic Pink Pepper 20 CL Fles,Schweppes,8.8
germany,5449000051684,Coca-cola Standard,Coca cola,10.6
germany,5449000053565,Coca Cola Light,Coca-Cola,0.0
germany,5449000134059,Cola zero,Coca-Cola,0.0
germany,54492028,Sprite,Sprite,9.1
germany,5449000021205,Fanta Lemon,Fanta,10.7
germany,5449000050212,Coca light 1.5l,Coca cola zero,0.0
germany,5449000118301,Sprite,Sprite,9.1
germany,5449000147097,Bio Limo,Vio,9.5
germany,54490123,Coca-Cola,Coca-Cola,10.6
germany,7610097111416,Rivella,Rivella,9.0
germany,7610097126076,Rivella Refresh,Rivella,5.2
germany,7610238300921,Bitter Lemon,schweppes,9.0
germany,4260301524247,Fanta Tropical,Fanta,13.2
germany,5000112649710,Fanta Strawberry & Kiwi,Coca-Cola,10.2
germany,4102560010959,Apfel,Rhönsprudel,0.0
germany,5449000228970,Coca 900ml,Coca-Cola,10.6
germany,4001513001344,Gerolsteiner leichte Limo,Gerolsteiner,4.7
germany,5000112656213,Fanta,,0.1
germany,4011470734988,Feine Limo Zitrone,EiszeitQuell,9.1
germany,4004042254120,Zitrone Herb-Süss Limo,bizzl,11.0
germany,4270000121425,Super Soda,Heidelbeere Maca-Wurzel,3.4
germany,4337256393157,Bitter lemon,Penny,1.6
germany,4002627811522,Silber Zitronenlimonade,Frankenbrunnen,7.8
germany,4337256399029,Gurke Limette Minze Erfrischungsgetränk,Penny,6.7
germany,4001513006431,Wasser Blutorange Geschmack,Gerolsteiner,0.7
germany,4047247339766,Flying Power Zero Energy,Flying Power,0.0
germany,1094922076228,Orange,Hermann Brause,11.0
germany,4024984029976,Braumeisters Fassbrause Alkoholfrei Zitrone,Privatbräu Meissner Schwerter,7.8
germany,4000140714757,Dr Pepper - Vanilla Float,Dr Pepper / Seven Up,7.7
germany,4006714104986,Sugar Mami Cherry Lollipop,Sugar Mami,9.0
germany,4305615877938,Durstlöscher,Rossmann,8.8
germany,4260625020647,Aranciata by L’Osteria,,7.8
germany,4260301521789,Strawberry Lemonade,Arizona,4.9
germany,4262378650034,,,7.0
germany,4270001501202,Jakes Lemonade,,11.0
germany,8719128117263,Mirinda Orange,Sodastream,2.9000000953674
germany,4056489634911,limonada,Solevita,2.5
germany,4337185149429,Pink Grapefruit,K-Classic,9.5
germany,5449000042101,Fanta fruit twist,Fanta,4.55
germany,4022652617005,KALLE KOLA,Kalinsky,11.0
germany,4337185149900,Bitter Lemon,K-Classic,12.0
germany,54492493,Citron,Fanta,19.5
germany,54493438,Fanta exotic,Coca-Cola,0.0
germany,5060108450263,,CUVECO AS,7.4
germany,54491472,Coca Cola 500ml,Coca-Cola,10.6
germany,90162909,Red Bull 250ml,Red Bull,11.0
germany,40822938,Fanta Naranja,Fanta,10.5
germany,54491069,Sprite Summer,Sprite,1.9
germany,5449000131836,Zero Sugar,Coca-Cola,0.0
germany,4000140716966,Virgin Mojito,Schweppes,7.6
germany,4388810057671,Marathon Isotonischer Fitnessdrink,REWE,4.0
germany,5000112514124,Exotik,Fanta,6.0
germany,5449000133328,Coca-Cola Zero,Coca-Cola,0.0
germany,8850389103159,,Mogu mogu,11.875
germany,5449000223555,Zero Sugar Zero Koffein,Coca-Cola,0.0
germany,4005906002956,Bio Orange,Adelholzener,8.7
germany,8718612002061,Blueberry White Tea,Arizona,4.9
germany,8719128117256,Sirop 7up,Clas Ohlson,2.4
germany,5029396222334,Ginger Beer 275ml flaske Fentimans,Cask as,4.4
germany,4017943110372,Bio-Familie Apfel,Landpark,0.0
germany,4060800111890,Pepsi zero,Pepsi,0.0
germany,4062139002191,Pepsi,Pepsi,7.0
germany,5449000004840,Fanta Orange 2ltr,Fanta,10.3
germany,4014472002512,Bionade Holunder,Bionade,5.0
germany,4000140714658,Orangina zero,Orangina,0.5
germany,4316268612098,Kinderpunsch,Netto Marken-Discount,11.7
germany,4034457003914,SeeZüngle Birne,SeeZüngle,4.0
germany,4005249002606,veltins Fassbrause,Veltins,5.9
germany,3838471037037,Cockta Free,Cockta,0.2
germany,50112173,Fanta,Fanta,7.6
germany,4250843941077,Sunkist Kirsche,Sunkist,8.4
germany,4027109005817,Yellow Storm - Mangogeschmack,High Speed,3.9
germany,42142331,Orange,River,7.9
germany,4066600203735,Paulaner Limo Orange,Paulaner Limo,9.1
germany,4049768003904,Durstlöscher Cola Geschmack,Quickvit,11.0
germany,5060947541986,Monster Energy Juiced Aussie Lemonade Style,Monster Energy,9.7
germany,5449000267412,Coca-Cola,Coca-Cola,10.6
germany,5000112604726,Fanta orange,Fanta,7.58
germany,4335619069053,Hydrate¹⁰,Freeway,0.3
germany,4260313462179,Ingwer Lemon mit Ingwer-Aufguss,,10.5
germany,5000112554359,Coca Cola zéro,Coca-Cola,0.0
germany,5449000050205,Coca-Cola Light,Coca-Cola,0.0
germany,8718907783668,Sinas regular,Albert Heijn,5.5
germany,4068706120886,Pink Grapefeuit,Flirt,8.0
germany,42194415,"Citronade, Citrusgeschmack",Freeway,6.5
germany,4008287949681,Spezi,Krombacher,9.0
germany,42414179,Apfel Schorle,Solevita,6.12
germany,4260107222989,Fritz-Limo Orange,Fritz-kola,8.7
germany,42282136,Lemonaid+ Citron vert,Lemonaid,6.0
germany,8050327350007,Lemon soda,Crodo,12.0
germany,4061458283656,Orange Zero,Flirt,0.0
germany,4048517733406,Fresh Kirsche,Granini,3.3
germany,87126860,Fanta Orange,Fanta,7.6
germany,90357879,Coca Cola Zero Sugar,Coca Cola,0.0
germany,4260286345011,Apfelschorle,,4.73
germany,4068706036828,Cola Vanilla Zero Sugr,River,0.0
germany,42178231,Grapefruit light,Freeway,0.5
germany,5449000283900,Coca-Cola,Coca-Cola,10.6
germany,43115563,Edeka Der Grüne Lychee,Edeka,6.0
germany,4061458252669,Iso Light Grapefruit-Citrus,TopSport,4.3
germany,5000112576900,Sprite,Sprite,0.0
germany,4048517746567,Die Limo Dark Berries-Guarana,Granini,8.2
germany,5000112647112,Bio Limo Dark Berries,Vio,7.5
germany,5060108450508,Mediterranean Tonic Water,Fever-Tree,7.9
germany,4018715002536,,Sinalco,10.0
germany,4337256171649,Barkeeper Lavendel Tonic,,8.9
germany,4051913101090,Genuss limonade,Teinacher,8.9
germany,4102380026031,Erdbeere,Hansa,4.2
germany,3057640552038,"Touch Mango Passionsfrucht Zero 1,5L",Volvic,0.0
germany,4002846036850,Brombeere Rosmarin,Kräuterbraut Limo,4.9
germany,4062139002290,Schwip Schwap,PepsiCo,9.7
germany,4062139001828,Schwip Schwap Zero Lemon Taste,PepsiCo,0.3
germany,4014472279198,Himbeer-Pflaume,Bionade,4.6
germany,4260339812316,Mate Mango,Acáo,4.1
germany,4104640010354,Plus Lemon,Förstina Sprudel,0.0
germany,42368892,Maracuja spritz,Lidl,5.9
germany,8437009805886,TONIC WATER 1724,1724,4.9
germany,4013791009011,Fassbrause,Landskron,8.0
germany,4018715004417,fruchtige Cola Mix Limo,Sinalco,8.8
germany,4051913101168,Genuss Limonade Mango-Maracuja-Organge,Teinacher,9.6
germany,5449000110039,"Sprite Zero 1,5L",Sprite,0.0
germany,4260107220299,Apfel-Kirsch-Holunder,fritz-limo,7.0
germany,4048517742682,Die Limo Orange-Lemongras,granini,8.8
germany,4260107220015,fritz-kola Original,fritz-kola,9.9
germany,42256724,Freeway Orange Zero,Freeway,0.3
germany,5449000143129,Mezzo Mix Zero,Coca cola,0.2
germany,42182955,Flirt Bitter Lemon,Flirt,10.0
germany,4060800148926,Pepsi,Pepsi,10.7
germany,5449000227560,,Coca Cola,0.0
germany,3057640540813,"Volvic Limotion Zitrone & Limette 0,9L EW",Volvic,4.4
germany,42390220,"Volvic Bio Coffee mit Mocca- & Zitronengeschmack 0,37L EW",Volvic,2.3
germany,42406723,The Power Of Energy -  Kokos Blaubeere,Speedstar,11.0
germany,42217093,Flirt Zero Orange,Flirt,0.0
germany,42141211,River Cola Classic,River,9.2
germany,0079581185017,Calypso Pineapple peach limeade,Calypso,11.0
germany,4061458202039,River Cola Zero,River,0.0
germany,4000140012754,Tonic Water,Schweppes,8.9
germany,42227281,Lemonaid+ Maracuja,Lemonaid+,5.5
germany,7610097111188,Rivella Rot Original,rivella,9.0
germany,4388860230697,Cola mix,Ja!,8.4
germany,23293823,Ben‘s Bitter Rosso,San Benedetto,10.0
germany,4104450000934,Erfrischungsgetränk mit Limettengeschmack,Vilsa,11.1
germany,4046300889507,Grüner Tee Limette,Rottaler,8.5
germany,5000112546477,"Cola Cola mezzo mix PETE 1 0,25€ Pfand Kohlensäuriges Erfrischungsgetränk mit Pflanzenextrakten und feinen Orangengeschmack 1,25l 0,99€ 1l 0,79€",Mezzo mix,10.1
germany,4002627801042,Orangenlimonade,Raspa,11.0
germany,42282051,Vital Zitrone,Carolinen,1.6
germany,4018715004714,Orangenlimonade Zero,Sinalco,0.0
germany,9015160106241,Cola-Mix Orange,Spezi,10.0
germany,4262408610137,Yuniq Yuzu-Limonade,,6.9
germany,4260694071984,ALGE Limetten Geschmack Alkoholfreies Koffeinhaltige,ALGE X FJU,7.0
germany,4255693800147,,,12.0
germany,4015533033476,Die faire Limo,Voelkel,7.5
germany,42095064,Flensburger Malz,Flensburger,0.9
germany,4056489126768,Apfel-Kirsch,Solevita,5.9
germany,4015533100680,BioZisch,Voelkel,5.6
germany,4311501672280,Bio Ingwer-Orange Drink,Edeka,6.5
germany,4100060028382,Durstlöscher,Weser Gold / riha,10.0
germany,9008700192415,Yippy - Erdbeere,Rauch,7.3
germany,4023378013072,Aldersbacher Sport Mix,Aldersbacher,10.0
germany,4015042100034,Splish Zitrone,Splish,8.6
germany,42395485,BAOBAB Power,Speedstar,10.6
germany,4019313006025,Deit orange,deit,0.5
germany,4062139000791,Pepsi,Pepsi,7.0
germany,7640164520315,Antiox Lemon & Lime,Focus Watee,4.0
germany,4902494170091,blue berry ramune soda,Hatakosen,9.7
germany,3174780006235,Sprite,Sprite,6.6
germany,4005906002758,Bio-Apfelschorle,Adelholzener,5.3
germany,5000112620597,Fanta Mango&Dragonfruit,Coca-Cola Company,6.1
germany,4260372590370,Kolaorange,liba,9.0
germany,41045879,Spezi Zero,Brauhaus Riegele,0.5
germany,4061458153003,Stille Limo,rio d'oro,5.5
germany,4001513001245,Leichte Limo Citrus-Minze,Gerolsteiner,4.7
germany,9007175006005,Traubi soda,Waldquelle Kobersdorf,7.0
germany,4058172917899,Bio Zitronen Limo,,7.5
germany,4260372590011,liba,liba,9.5
germany,4260344213863,Kinder Cola,,3.0
germany,4035458207134,Ramune Litchee,Ramune,9.5
germany,5000112592153,Fanta Lemon & Elderflower,Fanta,6.7
germany,4062139001842,Schwip Schwapp Zero. / ohne Koffein,Schwipp Schwapp,0.3
germany,4311596604975,The real Cola by Booster,Booster,10.6
germany,4337256380324,Orangenlimonade mit Süßungsmitteln,Penny,0.0
germany,7617027009454,Ginger Ale,Apéritiv,10.0
germany,5449000094131,Fanta exotic,Fanta,0.5
germany,42030164,Zitronen Limonade,Frucade,8.0
germany,5000112548204,Mezzo Mix,Mezzo Mix,7.9
germany,8718452639564,Cola zero sugar marshmallow flavour,Jumbo,0.0
germany,42282198,Thé Noir Maté Pétillant,Lemonaid beverages,4.0
germany,4388860591637,LaMate Minze,Club-mate,5.5
germany,8600037001906,Superior Breskva Mediteranska Breskva,ReMix Kanjaz,9.9
germany,4337256384841,cola-mix,ja!,0.0
germany,5000112650730,Fanta,Fanta,7.7
germany,5000112548280,Coca Cola,Coca-Cola,10.6
germany,8712857008109,Aloe Lemon,Tropical,8.5
germany,8002270946561,Boisson aranciata amara,San Pellegrino,8.6
germany,8002270033902,Sanbitter,San Pellegrino,15.0
germany,4311596436149,Birne & Melisse,Gut&Günstig,4.5
germany,4334011037370,Tonic Water,REAL Quality,9.2
germany,20723521,Tonic water,Lidl,8.9
germany,42368991,Freeway,Freeway,9.7
germany,4388810057688,Orangen-Limonade,Ja!,8.8
germany,8718612000760,Mucho Mango,Arizona,4.8
germany,4018722527077,EXTRA zuckerfrei Passionsfrucht,Sinalco,0.0
germany,4084700673371,Apfelschorle,Odenwald Quelle,6.1
germany,4015042102809,Fruit 'n Fit Apfel-Traube-Mirabelle,Fruit 'n Fit,7.6
germany,5449000266088,light Taste exotic Mango,Coca Cola,0.0
germany,42369097,Cola zero,Freeway,0.0
germany,9015160100294,Almdudler,Almdudler,7.9
germany,4260644048417,Zerup Cherry Cola,More Nutrition,0.0
germany,4311501709955,Cola Zero Sirup,Gut & Günstig,0.01
germany,42315148,,Netto,6.7
germany,4260509150019,Lömme Lömm Orange,Lömme Lömm,7.5
germany,3859893867002,COUNT'S DRINKS Tonic Water classic,,5.87
germany,8002230000302,Bitter - Aperol,Aperol,25.0
germany,15177603,,,8.0
germany,42173519,Bitter Lemon,Stardrink,9.9
germany,4047247384544,River Mix Zero,River,0.0
germany,4260629550096,Fritz Cola Superzero,fritz-kola GmbH,0.0
germany,90495090,Fanta,Coca-Cola,7.6
germany,4016670005265,Grünten Perle,,6.2
germany,4066600303305,Spezi,Paulaner,9.2
germany,4260322151149,Zitrone Bergamot,Aqua Monaco,4.9
germany,5060108450010,Premium Indian Tonic Water,Fever-tree,7.1
germany,5060108450843,Fever tree Elderflower Tonic,Fever-tree,7.8
germany,8002270066603,Aranciata,San Pellegrino,10.1
germany,4051454000098,Moloko Lemonade,,12.0
germany,4017434003183,Garten-Limonade Pink Grapefruit,Bad Brambacher,11.0
germany,4066447219791,dm Bio Guarana Cola,Dm Bio,8.3
germany,42255611,Breeza Pink Grapefruit,StarDrink,8.6
germany,8057192002901,,Terme di Crodo,2.0
germany,5449000134073,Coca-Cola zero sugar,Coca-Cola,0.0
germany,1094922076303,Cola mit Lakritz,hausmarke,10.8
germany,9006900224424,Almdudler Hollunder,Almdudler,6.7
germany,4027063004505,SCHORSCHi LiMO ORANGENLIMONADE,SCHORSCHi,10.0
germany,4004042254526,Bizzl Orange,,9.7
germany,4260636582585,Hydration drink Galaxy,LEVL UP,0.1
germany,4061462181573,Leichte Schorle - Apfel-Kirsche,Wiesgart,3.1
germany,4018715002864,Cola Mix,Sinalco,8.8
germany,4260322151620,Aqua Monaco Cola,Aqua Monaco,8.5
germany,41007211,Pepsi Max,Pepsi-Cola,0.0
germany,4251760801673,Dry Tonic,Thomas Henry,6.5
germany,4006714105013,Sugarmami peach,Sugar Mami,9.0
germany,4026342528527,Cola-Mix-Limonade,VC,9.2
germany,4260636583070,Levelup Shiny Dragon,LevelUp,0.1
germany,0049000076301,Fanta Banana,Fanta,13.080168776371
germany,8003170060012,Tonica Limone,Conad,9.8
germany,4260616560688,Fanta Peach,Fanta,11.0
germany,431304273474,SOLICOLA,Solidrinks,11.0
germany,4049768003690,Durstlöscher Blaubeer Vanille,Durstlöscher,9.9
germany,10001776,Coca-Cola Zero,Coca-Cola,0.0
germany,90377846,Cocacola Light,Coca Cola,0.0
germany,4337185148941,"Neue Rezeptur K Classic Cola 1,5L",K-Classic,9.7
germany,4013595328608,Vita Cola pur zuckerfrei,Vita Cola,0.0
germany,4000140705564,"Orangina Orangenlimonade Mit Fruchtfleisch, 1 L",Orangina,10.3
germany,20075491,Cola,Freeway,9.7
germany,4048517625350,Die Limo Dark Berries,Granini,8.7
germany,4311596460854,Zitrone Zero,Edeka,0.0
germany,4004154030339,Spritzer Johannisbeer,Burkhardt,7.0
germany,5000112641325,Fanta Zitrone & Holunderblüte,Fanta,0.2
germany,4012297004483,Apfelsinchen,Merkur,8.3
germany,4103020148014,Afri Cola,Afri,11.0
germany,4100060019038,Durstlöscher Mango,riha,7.8
germany,42359029,Honest Bio Limonade,Honest,5.7
germany,7640116360617,Relax,frutex,11.06
germany,4000140711916,Dr Pepper - Zero,Dr Pepper / Seven Up,0.0
germany,42173656,Cola Light,Stardrink,0.0
germany,4015042107804,ISO MAXX Citrus,,4.0
germany,4008287919981,Fassbrause,Krombacher,6.8
germany,42380252,Vio Bio-Limonade Mate,Vio,4.3
germany,4013595644623,Aqua Plus Kirsch,Thüringer Waldquell,3.5
germany,4005906002208,Adelholzener Kirsche Sport isotonisch,Adelholzener,4.3
germany,4260453290410,Limonana,Ände,6.2
germany,5900334006233,Tymbark Jabłko Wiśnia 2l,Tymbark,4.5
germany,5901586003087,Waldmeister Brause,Thomas Philipps,0.0
germany,4012297002557,Erfrischungsgetränk mit Orangengeschmack,Merkur,2.5
germany,4051800527019,Malzbier,Privatbrauerei Eichbaum,8.0
germany,4015042100157,Tonic Water,Indian Tonic,9.0
germany,4013595645149,Vita Brazil,,11.0
germany,4060800176608,Pepsi max cherry,Pepsi,0.1
germany,5000112642995,Zimt,Coca-Cola,0.0
germany,4013256642197,,Lichtenauer,9.3
germany,5000112639377,Fanta Exotic,Coca-Cola Company Fanta,6.0
germany,4051913100314,light Limo Orange,Teinacher,4.1
germany,9040400002229,Durst Löscher,QickVit,8.8
germany,4051913101342,Genuss Limonade Johannisbeere-Holunder,Teinacher,9.1
germany,42356899,Ingwer TRINK,curameo AG,12.0
germany,42284338,Limonata Rossa,surf,9.1999998092651
germany,4102560081546,Alasia Orangenlimonade,Alasia,2.0
germany,4009228240287,Bluna Orange,bluna,11.0
germany,4005906002680,Eistee Pfirsich,Adelholzener,4.8
germany,4104450003256,,Deit,0.5
germany,42031864,"Frucade Spezi, Cola Mix",Frucade,10.1
germany,4104450004178,Limonade Zitrone,Vilsa,8.8
germany,4001428001996,Limo Orange,alwa,9.3
germany,4005906002246,Orange sport,Adelholzener,4.4
germany,4001428076796,Limo Light Grapefruit,alwa,0.6
germany,4001428076550,Apfelschorle,alwa,5.6
germany,9040400002168,Durstlöscher,QuickVit,11.0
germany,4260543752002,Caffezza Cold Brew Lemonade,Caffezza,4.8
germany,10001404,Schweppes dry Tonic Water,Schweppes,7.5
germany,4051913101434,Teinacher genusslimonade Limette Minze,Teinacher,7.0
germany,9015160100287,Almdudler Zuckerfrei,Almdudler,0.0
germany,4388440093803,In the Sun-Mix cola,Penny,0.0
germany,9311493003531,Lemon Brew,Bundaberg,11.2
germany,42359494,Cola + Orange Zero,Surf,0.0
germany,4260422210517,,,0.2
germany,7394403000013,Bio schwarze Johannisbeer Getränkekonzentrat,,7.5
germany,4014472280323,Bionade Holunder,Bionade,5.0
germany,4013595644852,Wellness Vitality,Thüringer Waldquell,4.5
germany,4001574059230,DELTA Lemon,Graf Metternich-Quellen,0.0
germany,4001428078011,alwa Limo Light Limette,alwa,0.0
germany,4305615744469,Zitronenlimonade,Rossmann,7.2
germany,4013595309607,Ginger Ale,Thüringer Waldquell,9.5
germany,4005906003618,Bleib in Form Sunny Orange,Adelholzener,1.4
germany,4260475680060,basilikum ingwer,Basil,8.7
germany,4015732006424,Tonic water,,8.6
germany,4000140712319,Indian Tonic Water Zero,Schweppes,0.0
germany,4104450005984,H2OBST Apfel-Waldbeere,Vilsa,4.6
germany,4044703049160,The Real Cola Zero by Booster,Booster,0.0
germany,9040400013409,Durstlöscher,,10.0
germany,4066600203308,Paulaner Spezi,Paulaner,9.2
germany,4337256091633,LaMate,Rewe Beste Wahl,5.6
germany,4042600343084,Wellness life,Christinen,5.1
germany,9120105740616,Cola-Mix,Vö üs,10.5
germany,4260256411128,Cola,DyDo,11.2
germany,5000112632330,Vio Bio Limo leicht,,4.3
germany,4017943110099,Bio Zitronen Fruchtsaftgetränk,Landpark,8.9
germany,41030233,Bluna Orange,Bluna,11.0
germany,4003791050700,Dietenbronner fit Grapefruit,Dietenbronner,1.3
germany,4260449691559,Drink Blaubeer,Ahoj-Brause,9.0
germany,4250033662522,Cola mix,Libella,9.5
germany,42282044,vital orange,Carolinen,1.3
germany,4388441169002,Limonata,rewe,9.3
germany,4004042010726,hassia Fitzelchen Zitrone,,0.0
germany,4016843004514,Cola Mix Zero,,0.0
germany,4004019015044,Traditional Bitter Lemonade,Fentimans,7.9
germany,4013256012044,Lichtenauer Tonic Water,,8.0
germany,4104590081183,Lahnperle Zitrone,Lahnperle,0.5
germany,42031871,Zitronenlimonade,,0.0
germany,4048517689567,Die Limo - Ultra Leicht Orange,Granini,2.2
germany,4260547320412,Spirit Mango & Cactus,Biohacks,7.7
germany,4002627405769,fruit & water Pfirsich Mango,Ileburger Sachsen Quelle,3.5
germany,41061817,Cola,Neunspringer,8.0
germany,4004210805208,Gerri Zero Orange,Gerri,0.0
germany,4062139001705,Pepsi Zero,PepsiCo,0.0
germany,4009285004488,Grapefruit Fruchtsaftgetränk,Bellaris,1.5
germany,4000140713866,Orangina Rouge,Orangina,9.7
germany,4010281700007,Cola-Mix,Siegsdorfer Petrusquelle,2.3
germany,4250643291020,,IRN BRU,4.7
germany,4002627801790,Fresh ACE mit Folsäure,Ileburger Sachsen Quelle,2.6
germany,4027425000725,Tropic Mehrfrucht-Papaya,Brunnthaler Brunnen,9.1
germany,4004210805246,Gerri Mango Passionsfrucht,Gerri,0.0
germany,4260370660426,Ginger Mama,Garage GmbH,5.9
germany,4260551830143,Vitamin+C Shot,Berlina Shot,9.0
germany,4250033661013,Cola Mix,Libella,9.8000001907349
germany,4062139001729,Cola - Max Cherry Zero,PepsiCo,0.1
germany,4018926001786,Schloß Cola,,8.6
germany,8002270986475,Aranciata amara,San Pellegrino,8.6
germany,87126327,Coca cola Light,Coca-Cola,0.0
germany,9006900216726,Alpenkräuterlimonade,Almdudler,7.9
germany,9009700303337,Balance Apfel-Cranberry,Vöslauer,3.8
germany,9015160102144,Almdudler,Almdudler,7.9
germany,90491146,Johannisbeere,ViO,8.3
germany,4001513001573,Gerolsteiner Apfel-Zitrone,Gerolsteiner,4.2
germany,4018715000525,Aquintéll Lemon (Mineralwasser mit Zitronenaroma),Deutsche Sinalco GmbH Markengetränke & Co. KG,0.0
germany,4060800150677,Pepsi,Pepsi,10.7
germany,4388860176117,Erfrischung Getränk,REWE Beste Wahl,6.7
germany,4000140709593,grapefruit & acerola,Schweppes,8.6
germany,4260107223344,Fritz kola Bio,fritz-kola,9.5
germany,4034025000376,Lütauer apfelschore,Lütauer,6.83
germany,9006900222321,Kinder-Punsch,Pfanner,11.0
germany,4102560020361,Leicht & fruchtig Apfel Pfirsich,Rhön Sprudel,3.0
germany,5449000238993,Coca cola sans sucre,Coca-Cola,0.0
germany,4001513008589,Gerolsteiner und Frucht,Gerolsteiner,4.1
germany,4260107223108,Koffeinhaltiges Mixgetränk,fritz,5.2
germany,4004210000634,Gerri,Gerri,9.3
germany,5000112580167,Fanta Orange,Fanta,9.1
germany,4054500114831,Braumeisters Limonade Zitrone naturtrüb,Eichbaum,7.0
germany,0049000075144,Fanta Green Apple,Fanta,38.0
germany,54493919,"Sprite 0,33ml",Sprite,8.0
germany,4005906275466,Apfelschorle bio,Adelholzener,5.3
germany,3057640450808,Volvic Tee Minz Geschmack,Volvic,4.9
germany,85952485,Zitrone,Mattoni,4.0
germany,4007656036007,Cola-Mix,Schwarzwald Sprudel,9.1999998092651
germany,9120077110301,Tonic Water Premium,,9.6
germany,4019313002300,FruMate Citro,FRU,6.5
germany,4027752000269,Volt Cola,Volt,11.9
germany,42376200,"Wasser, still",Saskia,0.0
germany,42006374,Flumi Orange,Flumi,8.8
germany,4337185324048,Fruity Water Apfel-Beeren-Geschmack,K-Classic,6.7
germany,4013256012099,Ananas-Citrusgetränk,Lichtenauer,9.0
germany,4260144082218,Böhringer Zitronenlimonade,Böhringer,8.3
germany,4002846034788,Mio Mio Guarana Pomegranate,Mio Mio,5.7
germany,7290010498628,Eistee Sirup,Sodastream,3.4
germany,4010976381436,Grapefruit Fit Zero,Libelle,0.0
germany,42372646,Tonic Water light,LIDL,4.2
germany,42231172,Ganic wilde Pflaume,Ganic,4.6
germany,4260310558561,matemate hanf,Mate Mate,5.2
germany,4101130525107,Limette Minze,RheinfelsQuellen,0.0
germany,42261315,Zitronen Limonade,limetto,7.7
germany,4013595325171,Rennsteig Himbeerbrause,Thüringer Waldquell,3.6
germany,4337185361371,Pro Aqua Erdbeere,K-Classic,3.7
germany,4102380038126,Aktiv - Grapefruit,Hella,43.0
germany,2200209779242,Bio Früchtemix,Beauty Baby,4.5
germany,4337256075824,die Cola,Rewe,10.6
germany,5060108453530,,Fever Tree,7.7
germany,54491182,Sprite,Sprite,8.0
germany,42261230,Cola-Mix 0%Koffein und Zucker,StarDrink,0.0
germany,4062139003051,Pepsi Dose,Pepsico,0.0
germany,64111971,Sumol,SUMOL+COMPAL Marcas,5.7
germany,4270000121432,Hanf Quitte,Super Soda,3.8
germany,8719128117850,Lipton green ice tea,Lipton,2.9
germany,4062139001682,Pepsi light Lemon,PepsiCo,0.0
germany,4061458248686,Bio-Limonade - Rhabarber-Schwarze Johannisbeeregeschmack,Gut Bio,7.5
germany,4001228514474,Limo Orange,Magnus,8.6
germany,8719128117812,Pepsi Max Lime,Sodastream,0.0
germany,4047247253680,Getränkesirup Cola,River,2.4
germany,4019298000124,Gessner Orangenlimonade,,9.1
germany,4337185625992,Aktiv schorle,K-Classic,5.8
germany,4062139004270,Pepsi Max,PepsiCo,0.0
germany,4027109908934,Küstengold Wasser + Frucht Apfel-Rhabarbergeschmack,Küstengold,3.3
germany,4061458248716,Tonic Water,Flirt,7.9
germany,4034457003945,Seezüngle Apfelbeere,Seezüngle,4.0
germany,4049768003485,bubble gum,QuickVit,10.0
germany,4026539965630,Hauli Limonade Zitrone,Hauli,8.3
germany,4026285001224,Bissinger Mandarine,Bissinger Auerquelle,9.5
germany,4061458252805,Flirt Zitrone Zero - Zitronenlimonade,Flirt,0.0
germany,4260120350201,brisanti rot,,7.3
germany,9132151277008,Coca-Cola Zero Sugar,Coke Zero,0.0
germany,4001325005615,"Leicht & Fit, Orange Diätgetränke",Aquarömer,0.5
germany,4022437004440,Johannisbeere-Apfel,Privatbrauerei Püls,5.9
germany,0201222588028,Silber,Bissinger Auerquelle,7.5
germany,4007656033402,Orangen-Limonade,,2.3
germany,4026285001620,Früchte-Tee,Bissinger Auerquelle,8.9
germany,4303146291230,Kinder Cola,,8.0
germany,4004768261341,Allgäuer Cola Gmisch,Allgäuer Alpenwasser,10.0
germany,4000173318205,Spezi zero,,0.5
germany,4250033661037,Zitronen Limonade,Libella,9.5
germany,5000112503258,,Fanta,0.0
germany,42398455,Coca Cola,The Coca Cola Company,10.6
germany,4015042112099,Aqua Fruity Beeren Mix,Mecklenburger Quelle,6.7
germany,4337256324410,Orangenlimonade,ja!,0.0
germany,4061458289658,River Cola zero,River,0.0
germany,4260370660709,Orange Mama,Garage GbmH,6.9
germany,4337256571371,Cola Light,Ja!,0.0
germany,4102560010966,Pink Grape,Rhön Sprudel,0.0
germany,4001513004079,Tee - Schwarztee-Limette-Minzegeschmack,Gerolsteiner,4.1
germany,4000140701498,Orangina Rouge,Orangina,10.2
germany,4000177839003,Cola Mix koffeinfrei,Capri-Sonne,7.6999998092651
germany,4000140011528,Tonic Water,Schweppes,8.9
germany,4000140072178,Tonic Water,Schweppes,8.9
germany,4005906274704,"Active O2, Orange",Adelholzener,4.0
germany,4009228240010,Bluna Orange,Bluna,11.0
germany,4012852204136,Now Fresh Lemon,Lammsbräu,7.7
germany,4013595644425,Vita Cola Original Zuckerfrei,Vita Cola,0.0
germany,4014086011528,Mate-Cola,Oettinger,10.0
germany,4014472002505,Litschi,Bionade,4.7
germany,4014472281719,BIONADE Zitrone-Bergamotte,Bionade,5.2
germany,4015533015182,BioZisch Guarana Cola,Voelkel,8.3
germany,4015533017834,BioZisch Rhabarber,Voelkel,6.0
germany,4015732009128,Aktiv Vital,Spreequell,3.6
germany,4026285000845,Apfel schörle,Bissinger Auerquelle,6.4
germany,4029764444956,,Loscher,5.0
germany,4048517625312,"Die Limo, Dark Berries + Guarana",Granini,8.7
germany,4038745603718,Buratino,Monolith,9.0
germany,4060800157331,Mirinda light Orange Geschmack,Pepsi,0.2
germany,4060800104021,Pepsi Max NO SUGAR,Pepsi,0.0
germany,4060800156273,7up,7up,10.4
germany,4060800156525,Pepsi Max,Pepsi,0.0
germany,4060800175472,Mountain Dew,Mountain Dew,12.4
germany,4060800175823,Pepsi max ginger,Pepsi,0.0
germany,4100590154407,"Apollinaris, Lemon",Apollinaris,0.0
germany,4102380027823,hella pfirsich,hella,4.0
germany,42141228,Karlskrone Malz,Karlskrone,7.6
germany,42142133,Apfelschorle,Wiesgart,6.5
germany,42143871,Sportivo Orange-Apfel-Mango,Freeway,3.8
germany,42179856,Cola-Mix,StarDrink,9.6
germany,42296379,Flying Power,topstarSpitz,0.0
germany,42342618,schwarze Limonade Johannisbeere & Guaranaextrakt,surf,21.8
germany,4260031874278,Flora power,Reineckes Getränke,0.0
germany,4106060070178,Bio frizzante citron,isis,8.6999998092651
germany,4260178730437,Bio Limonade Ingwer & Zitrone naturtrüb,Proviant,6.9
germany,4260189210072,Birne Rosmarin,Wostok,6.8
germany,42141198,Flirt Orange - Orangenlimonade,Flirt,7.6
germany,42151715,Apfelschorle,StarDrink,6.0
germany,42273677,Flirt Pink Grapefruit,Flirt,9.2
germany,4260310551074,Tonic Water,Thomas Henry,9.3
germany,4260310555003,Ginger Ale,Thomas Henry,9.0
germany,4300175282840,Getränkesirup Orangengeschmack kalorienarm,K-Classic,0.5
germany,4311596435869,Apfel Schorle,Gut & Günstig,6.0
germany,4311596436101,Orangen Limonade,Gut & Günstig,8.7
germany,4388440096583,"Orangen Limonade - Penny - 1,5 L",Penny,7.8
germany,5000112546491,Sprite,Sprite,8.0
germany,5000112547221,mezzo mix,Coca-Cola Company,10.1
germany,5000112547825,Sprite Zitrone-Limette,Sprite,8.0
germany,5000112561098,Coca-Cola,Coca-Cola,10.6
germany,5000112587340,Kiwi und Strawberry Limo,Fanta,10.2
germany,5060108450935,Premium Indian Tonic Water,Fever Tree,8.0
germany,54007833,,Fanta,0.0
germany,5449000038715,"Lift, Apfelschorle",Coca-Cola,5.8
germany,5449000162861,Coca-Cola light koffeinfrei,Coca-Cola,0.0
germany,5449000958617,Coca-Cola Lemon Zero,Coca-Cola,0.0
germany,5449000017932,Sprite,Sprite,8.0
germany,5449000146571,Vio BIO LIMO Orange,Vio BIO LIMO,8.6
germany,5449000210371,Mezzo Mix Zero,Coca-Cola Company,0.2
germany,7260311040031,Gewara Cola,Gewara,10.0
germany,7610057026514,Sinalco original,Sinalco,10.0
germany,7610238300358,Schweppes,Schweppes,8.9
germany,4300175282864,Getränkesirup Cola-Geschmack,K Classic,0.5
germany,4316268632140,Tropical ZERO,,0.4
germany,0764137500009,Karls Kola,Karls,11.0
germany,4066600603405,Spezi,Paulaner,9.2
germany,5449000110671,Sprite 0.5,Sprite,10.1
germany,4060800150714,Schwip Schwap - Cola + Orange,Schwip Schwap,9.7
germany,4027109005824,Red Wave - Kirschgeschmack,High Speed,3.9
germany,5449000138170,Orange ohne Zucker,Fanta,0.3
germany,5449000017888,Cola,Coca-Cola,10.6
germany,5449000134264,Cola Zero,Coca-Cola,0.0
germany,3057640580598,"Volvic Tee Sugarfree ZERO Wassermelone 1,5L EW",Volvic,0.0
germany,4012852204297,Now Holler Blüte,Now by Lammsbräu,6.9
germany,5449000214799,Coke zero,Coca Cola,0.0
germany,4337256786409,Comet Cola Zero,Penny,0.0
germany,5060108450881,Fever-tree Elderflower Tonic Water500ml,Multibev,7.8
germany,4000177816004,Capri Sonne Orange 200ml,Nordic refreshment company as,8.6
germany,5029396000895,Connoisseurs Tonic Water,Cask as,4.4
germany,5449000233295,Coca-Cola sans sucres sans caféine,Coca-Cola,0.0
germany,54008649,Apfelschorle,ViO,7.5
germany,4260107222408,fritz-spritz Bio Traubensaftschorle,fritz-spritz,7.7
germany,4001513003225,Kräuter Wasser,Gerolsteiner,4.1
germany,4100060034215,Durstlöscher Wassermelone 1L,Durstlöscher,11.0
germany,4260212911303,Cola für Kids,./.,11.0
germany,4102430075637,Fassbrause Waldmeister,Bitburger,5.5
germany,4016762042840,Cola Mix,Leikeim,10.0
germany,5000112548082,Getränke - FANTA Orange,Fanta,7.6
germany,4060800309112,Pepsi Max Mango,Pepsi,0.0
germany,4006599000984,Ramune,,9.4
germany,4047247384469,Flirt Zitrone Zero Null Zucker,Flirt,0.0
germany,4019298000148,Cola,Gessner,11.0
germany,90357473,Coca-Cola sans sucres,Coca-Cola,0.0
germany,5000112639421,Cola Vanille Zero,Coca-Cola,0.0
germany,4060800306982,Pepsi Max  - Lime,Pepsi,0.0
germany,4260422211941,Tonic water,Green,0.0
germany,4000140702846,Dr Pepper - Cherry,Dr Pepper / Seven Up,6.76
germany,4305615839288,Leichte limo Zitrone,Genuss Plus,4.0
germany,4000140700637,Wild Berry,Schweppes,9.0
germany,8410408051368,"Kas citron 🍋1,5 L",KAS,11.4
germany,4030766003812,mieps Zitrone Minze - fair und frisch,mieps,6.0
germany,4061458283649,River Cola Zero,River,0.0
germany,4061462682216,Bio-Eistee Alpenkräuter,Nur Nur Natur,1.4
germany,6928804015461,Fanta Grape Asia,,4.6
germany,4063367224362,Wild berry tonic,,9.0
germany,1526026131000000079,Durstlöscher,QuickVit,8.8
germany,5000112521634,Fanta Orange ohne Zucker,Fanta,0.3
germany,5000112552218,Cola Zero,Coca-Cola,0.0
germany,4000140714900,Virgin Mojito,Schweppes,7.6
germany,4337185149146,Kaufland,Kaufland,0.5
germany,4000140707971,Dry Tonic Water,Schweppes,7.5
germany,5601045001318,Maracujá,Sumol,5.8
germany,42230861,Spreewald Limo Gurkengeschmack,Spreewald Limo,7.2
germany,42201854,"LemonAid, Limette",Lemonaid,6.0
germany,4013595644173,Vita Cola Original,Vita Cola,8.8
germany,4017170008725,Cola-Mix,,9.7
germany,7610097111072,Rivella rot,Rivella,9.0
germany,9001445007174,Joghurt Kirsch-Banane,Keli,2.8
germany,4013595328585,Vita Caribic,Vita,8.8
germany,5000112546439,Coca Cola light,Coca Cola,0.0
germany,4025127027996,Bitter Lemon,Goldberg & Sons,9.48
germany,4051800117159,Karamalz Classic,Karamalz,8.0
germany,4060800310002,7up zero sugar,Pepsi,0.0
germany,42425632,Citrus Minze Limo,Gerolsteiner,7.2
germany,5000112547160,Red Bull Pink sugafree,The Coca-Cola Company,7.6
germany,8935049501589,Fanta Huong Xá Xi,Fanta,4.6
germany,4260688124795,,,0.0
germany,4250239117567,Aloe Vera Erdbeere,Aleo,7.9
germany,0079581184027,strawberry lemonade,Calypso,11.205073995772
germany,9006900216764,Almdudler,Almdudler Zuckerfrei,0.0
germany,4060800148940,Schwip Schwap,Schwip Schwap,9.7
germany,4060800157416,Schwip Schwap Zero - Lemon Taste,PepsiCo,0.3
germany,4062139001781,Schwip Schwap Zero - Cola & Orange,PepsiCo,0.3
germany,4060800150769,Schwip Schwap Zero - Cola & Orange,PepsiCo,0.3
germany,4260231220578,Pepsi Max Cherry,Pepsi,0.1
germany,42151852,Zitrone,StarDrink,7.9
germany,4388810057848,Apfel-Schorle,ja!,5.9
germany,5449000006271,Fanta orange,Fanta,11.7
germany,4009670020598,Apfelschorle,Sodenthaler,6.2
germany,5000112546415,Coca Cola,Coca-Cola,10.6
germany,42256717,Bitter Lemon Original,Freeway,12.1
germany,4260705330659,Vitaminwasser - Pfirsichgeschmack,Vitavate,0.7
germany,4000140710612,Bitter Lemon Zero,Schweppes,0.0
germany,4260107220114,Orange,fritz-limo,8.7
germany,6111252421827,Pepsi framboise,Pepsi,0.0
germany,5000112547498,Fanta,Fanta,7.6
germany,3057640573583,"Volvic Touch Himbeere Zero 1,5L 6 pack",Danone,0.0
germany,5000112547788,Coca-Cola light,Coca-Cola,0.0
germany,4048517758508,Die Limo Kirsche-Zitrone,granini,8.7
germany,3057640575228,Volvic Tea 45 cl PET Mate Pure,Volvic,4.8
germany,3057640566653,"Volvic Touch Sugarfree ZERO Wassermelone 1,5L EW",Volvic,0.0
germany,3057640541148,"Volvic Limotion Zitrone & Limette 0,45L EW",Volvic,4.4
germany,3057640530333,"Volvic Bio Coffee mit Robusta- & Cassisgeschmack 0,75L EW",Volvic,2.3
germany,3057640558573,"Volvic Limotion Blutorange 0,9L EW",Volvic,4.3
germany,42390237,"Volvic Bio Coffee mit Arabica-, Maracuja & Litschigeschmack 0,37L EW",Volvic,2.3
germany,4061458036528,Tropical Bay,Rio d'oro,9.3
germany,5601045300008,Guaraná Antarctica,Guaraná Antarctica,10.0
germany,4061458252607,Premium-Eistee - Wildkirschegeschmack,Flirtea,6.6
germany,4100060035090,Apfel-Erfrischungsgetränk mit Wassermelonengeschmack,Durstlöscher,11.0
germany,42200864,Zitrone 0% Zucker,Stardrink,0.0
germany,40413204,Apfel Erfrischungsgetränk,WeserGold,9.0
germany,4013595328523,Vita Cola Zuckerfrei,Thüringer Waldquell Mineralbrunnen,0.0
germany,4388860644340,Erfrischungsgetränk Apfel-Rhabarber,ja!,6.1
germany,4056489814733,ISO TONIC,Saskia,4.2
germany,4260107220831,fritz-kola weniger Zucker,fritz-kola,4.6
germany,4388860578621,Orangen-Limonade,ja!,8.1
germany,7610097112185,Rivella Blau,Rivella,1.5
germany,5000112654523,Coke Zero Lemon,CocaCola,0.0
germany,42143895,Freeware MixxMax Cola & Orange,Freeway,9.2
germany,4013256011443,Premium Limonade Feine Zitrone,Lichtenauer,11.0
germany,4388816191898,Cola 0% Zucker,Ja!,0.0
germany,0041465002215,,,4.3
germany,4048517733246,Fresh Maracuja,Granini,3.2
germany,3124480184344,Orangina,Orangina,9.6
germany,4023378013034,Orangen Limonade,Aldersbacher,9.0
germany,4000140012730,Schweppes original bitter lemon,Schweppes,12.1
germany,4335896358956,Orange Limo,K-Classic,9.3
united-kingdom,5060448760404,Grove 42 & Lemongrass Tonic,Seedlip,3.92
united-kingdom,5000128158862,Diet Bitter Lemon,Coop,0.5
united-kingdom,5054267001299,Orange,Lucozade,4.5
united-kingdom,5449000052971,,Coca-Cola,6.7
united-kingdom,5449000086877,Coca-Cola,Coca-Cola,10.6
united-kingdom,5449000119056,Fanta Shokata,Fanta,10.5
united-kingdom,5449000096968,Apple & Sour Cherry,Fanta,7.9
united-kingdom,54491076,Diet Coke,Coke,0.0
united-kingdom,8718858612581,Sparkling winter edition drink,Candy can,0.0
united-kingdom,5000382115007,ice cream soda,Barr,0.0
united-kingdom,0012000150050,Sierra mist soda,TWST,10.42
united-kingdom,4060800171702,Pepsi max cherry,Pepsi,0.0
united-kingdom,5060602580251,"Cucumber, yuzu & rosemary",Punchy,2.4
united-kingdom,5000382115236,Tizer,Barr,3.9
united-kingdom,87170795,Pepsi,Pepsi,0.0
united-kingdom,4060800309099,Pepsi max mango,Pepsi,0.0
united-kingdom,4060800308375,6 Pepsi Multipack,Pepsi,4.6
united-kingdom,4088600373843,Zx Cola,Vive,0.5
united-kingdom,5010102242869,Orange Squash,Robinsons,0.0
united-kingdom,4060800001771,Pepsi-cola,pepsi,10.9
united-kingdom,4060800303141,Pepsi,Pepsi,10.9
united-kingdom,4864467414963,Diet Coke,Coca-Cola,0.0
united-kingdom,00050678,Diet sparkling fiery ginger beer,Marks & Spencer,0.1
united-kingdom,5057753032869,diet lemonade,,0.1
united-kingdom,5010251593379,Cola,Morrisons,0.0
united-kingdom,5449000117106,Diet Coke No Caffiene 8x330ml Cans,Coca Cola,0.0
united-kingdom,5000382106609,Karibbean kola,KA,3.9
united-kingdom,4060800171467,Max,PepsiCo,0.0
united-kingdom,5449000218162,Bílé hrozno,Fanta,7.7
united-kingdom,5010438007767,Fizzy Zero,Vimto,0.5
united-kingdom,40608044,Pepsi max,PepsiCo,0.0
united-kingdom,4060800302694,Pepsi max rasberry,Pepsi,0.0
united-kingdom,20800291,Water,CARRICK GLEN,0.0
united-kingdom,5000112649871,diet coke,Coke,0.0
united-kingdom,47958531,Coca cola zero,,0.0
united-kingdom,5060108454643,Rhubarb & Raspberry tonic water,,4.7
united-kingdom,4056489010364,Freeway Cola,Freeway,4.8
united-kingdom,5029396003315,Cherry Cola,Fentimans,4.0
united-kingdom,5029396003483,Fentiman's Raspberry Lemonade,Fentimans,3.9
united-kingdom,5449000305046,Schweppes Indian Tonic Water,Schweppes,4.9
united-kingdom,4056489384021,Premium Light Tonic Water,Lidl,0.0
united-kingdom,4060800311238,7up zero sugar,7UP,0.0
united-kingdom,5060054132466,Cawston Press Cloudy Apple,Cawston,4.3
united-kingdom,5000112552119,Fanta orange,Fanta,4.5
united-kingdom,5449000309822,Coca-Cola Intergalactic,Coca Cola,0.0
united-kingdom,5029396002509,Rose Lemonade,Fentimans,7.5
united-kingdom,4088600415932,Tonic water,Aldi,43.0
united-kingdom,8002270836824,Aranaciata,San Pellegrino,4.4
united-kingdom,5054781823605,Lemonade,Asda,0.0
united-kingdom,02025122,Lemonade,Morrissons,2.1
united-kingdom,00464741,Apple and blackcurrant squash,By sainsbury's,0.5
united-kingdom,29303526,Still -  Raspberry Lemonade,Marks & Spencer,6.8
united-kingdom,5010251508984,Cream soda,Morrisons,0.0
united-kingdom,4088600274157,Cherry cola,vive,0.5
united-kingdom,5060699470008,Lime and soda,,4.6
united-kingdom,4060800166531,Pepsi Cola - Cherry 2L,Pepsi,0.0
united-kingdom,4060800103307,Pepsi max,Pepsico,0.0
united-kingdom,4060800134943,Pepsi Max,pepsi,0.0
united-kingdom,5000147030651,Robinsons lemon Squash,Robinsons,0.3
united-kingdom,5029578000200,Ginger Beer with Fiery Jamaican Root Ginger,Old Jamaica,16.0
united-kingdom,5029788180099,Root Beer,Tropical Sun,12.0
united-kingdom,5000128519199,Diet cola,Co-op,0.5
united-kingdom,5000112639605,Fanta Grape,Fanta,0.7
united-kingdom,21105593,Diet Cola,Asda,0.0
united-kingdom,01511123,Taste the Difference Lemonade,Sainsbury's,7.0999999046326
united-kingdom,4060800171122,Pepsi max,Pepsi,0.0
united-kingdom,00030083,Lemonade,By Sainsbury's,3.5
united-kingdom,4895058312979,EDO Soda Drink - Peach Flavour,Kiu Fung Hong Ltd,3.5
united-kingdom,4088600109046,Diet lemonade,Aldi,0.5
united-kingdom,00114936,Indian Tonic Water,By Sainsbury's,4.8
united-kingdom,00154635,Bitter lemon,Sainsbury's,0.5
united-kingdom,8435185944153,Citrus mix,Schweppes,7.2
united-kingdom,8714800004336,Dr Pepper,Dr Pepper,7.2
united-kingdom,9311493000608,Root beer,Bundaberg,12.4
united-kingdom,5000382102496,Irn-Bru Xtra,Irn-Bru,0.0
united-kingdom,5000382034919,Sparkling Fruit Punch,KA,4.6
united-kingdom,50382811,Irn-Bru Sugar Free,Barr,0.0
united-kingdom,4088600244051,Sun quench blackcurrant  juice,,3.1
united-kingdom,5000169009321,Indian tonic water,Essential Waitrose,4.9
united-kingdom,5000119092274,indian tonic water,Tesco,0.0
united-kingdom,5000382106920,icream soda,barr,22.0
united-kingdom,8002270616839,Limone & Menta,San Pellegrino,4.5
united-kingdom,5449000011527,Fanta Orange - 330ml,Fanta,13.2
united-kingdom,3271470758549,Apple Pomegranate Flavor organic sparkling juice beverage,Paul Brassac®,8.0
united-kingdom,4056489686958,Freeway Tropical Crush 330ml can,Freeway,0.5
united-kingdom,5449000028921,Coca-Cola,Coca-Cola,10.6
united-kingdom,5000382112723,Irn-bru EXTRA 500ml,Irn Bru,0.0
united-kingdom,5449000000439,Coca Cola Original taste,Coca-Cola,10.6
united-kingdom,5010102100015,Dr pepper reg,Dr pepper,4.24
united-kingdom,4902494190334,Lychee hata marble drink,Hata,9.4
united-kingdom,4335619009851,Freeway Cola Diet 330ml can,Freeway,0.0
united-kingdom,5000382120421,Cola Drink,BARR,3.6
united-kingdom,5449000016645,"Coca-Cola 2,5",Coca-Cola,10.6
united-kingdom,5949000500057,Pepsi Twist,Pepsi,11.0
united-kingdom,8002270586835,Aranciata Rossa,San Pellegrino,4.4
united-kingdom,0056765657565,Cola,Freeway,48.0
united-kingdom,5059697709234,Blackcurrent,Tesco,0.667
united-kingdom,5054267005051,Zero Pink Lemonade,Lucozade,0.1
united-kingdom,3502110009357,Pepsi Max,PepsiCo,0.0
united-kingdom,5449000121134,Dr Pepper Zero,Dr Pepper,0.0
united-kingdom,8002270576829,Limonata,San Pellegrino,4.5
united-kingdom,5449000300935,Drink,Coca cola,0.0
united-kingdom,5010102341609,Tango Mango Sugar Free,Britvic,0.0
united-kingdom,4056489881933,Deluxe Still Cloudy Lemonade,LIDL,4.1
united-kingdom,5449000323125,Lemon Coca-Cola,Coca-Cola,10.6
united-kingdom,29298730,Percy pig Phizzy fruit juice drink,Marks & Spencer,7.3
united-kingdom,5000112658071,Fanta,Fanta,4.5
united-kingdom,5000112631586,Fanta Orange,Fanta,4.6
united-kingdom,5000382023197,Irn-bru,Barr,4.7
united-kingdom,87177756,7up,7up,4.6
united-kingdom,5000112669794,Coke zero suger - Lemon flavour,Coca-Cola,0.0
united-kingdom,29369805,Classic Cream Soda,M&S,4.12
united-kingdom,4056489498827,Ginger Ale,Lidl,0.1
united-kingdom,5000382122401,IRN BRU Wild Berry Slush,IRN BRU,0.0
united-kingdom,5000193020712,Schweppes Tonic Water,Schweppes,4.9
united-kingdom,5054267003866,Orangina,Orangina,4.3
united-kingdom,5010102242067,Strawberry watermelon sugar free,Tango,0.0
united-kingdom,00175098,Tropical Crush,Sainsbury's,0.5
united-kingdom,5010102241473,White Peach & Jasmine Crafted Soda,,4.4
united-kingdom,8002270146527,San Pellegrino Sparkling Limonata,San Pellegrino,4.7
united-kingdom,5000112585452,Coca Cola original 1.5l,Coca-Cola,10.60000038147
united-kingdom,5000112662009,Fanta,Fanta,4.5
united-kingdom,5449000042156,Fanta Fruit Twist,Fanta,4.8
united-kingdom,5060899279661,Get Shreddy daily dose pink lemonade,,1.0
united-kingdom,5000382108283,Irn bru xtra,Irn bru,0.0
united-kingdom,5010102003422,Tango Orange Original 1.5L,Tango,4.2
united-kingdom,5000436882787,Diet Lemonade,Tesco,0.1
united-kingdom,5000193640989,Schweppes Peppermint Cordial,Schweppes,2.4
united-kingdom,5029303322782,Curiosity Cola,Fentimans,11.3
united-kingdom,5449000132505,Sprite,Sprite,2.0
united-kingdom,54492127,Can,Sprite,6.6
united-kingdom,87170528,7up Free,7UP,0.0
united-kingdom,87170801,Pepsi,Pepsi,11.0
united-kingdom,5449000240156,Diet Coke Exotic Mango,Coca Cola,0.0
united-kingdom,21110788,Pepsi Max,Pepsie,0.0
united-kingdom,4060800302014,Diet pepsie,Pepsi cola,0.0
united-kingdom,5449000263513,Diet coca cola twisted strawberry,Coca-Cola,0.0
united-kingdom,5449000263476,Diet Coke Twisted Strawberry,coke cola,0.0
united-kingdom,5000382101420,Barr Ginger Beer,Barr,2.3
united-kingdom,0436005239662,Coke Zero,Coca Cola,0.0
united-kingdom,05096893,Sparkling citrus beverage,Orangina,10.47
united-kingdom,25190199,Lemonade,,4.5
united-kingdom,20675509,Mexican Lime & elderflower sparkling fruit crush,Lidl,0.4
united-kingdom,5010438013102,,Vimto,0.3
united-kingdom,5000169181676,Still lemonade with fresh lemon juice,Waitrose,7.8
united-kingdom,00176828,Soda water,by sainsbury's,0.5
united-kingdom,00220347,Diet Lemonade,Marks & Spencer,0.2
united-kingdom,00533522,Sparkling cloudy Apple & Elderflower,Marks & Spencer,7.7
united-kingdom,00750912,Green Lemonade with Lime Kiwi et Kale,Marks & Spencer,4.7
united-kingdom,00741590,Diet sparkling cloudy lemonade,Marks & Spencer,0.10000000149012
united-kingdom,00900027,Diet sparkling fiery ginger beer,Marks & Spencer,0.02
united-kingdom,5060605060149,Fever tree Tonic water,,7.0999999046326
united-kingdom,5010251509004,Cloudy lemonade,morrisons,0.3
united-kingdom,4060800134592,Pepsi Max Multipack,Pepsi-Cola,0.0
united-kingdom,4056489249078,Diet Lemonade,,0.5
united-kingdom,20327149,Indian tonic water,Freeway,4.8
united-kingdom,5000112547542,Dr Pepper,Dr Pepper,12.0
united-kingdom,4088600282725,lemonade,Specially Selected,4.1999998092651
united-kingdom,8002270336850,San Pellegrino Limonata,San Pellegrino,14.9
united-kingdom,5011295045992,Lemonade,,0.0
united-kingdom,5019180053497,sparkling lemonade,One Stop,2.8
united-kingdom,5060108454971,Tonic water,Fever-Tree,4.4
united-kingdom,5020379170642,Lemonade,,3.0
united-kingdom,5056308000025,Ginger Low,,1.0
united-kingdom,5010438020186,Vimto,Vimto,4.3
united-kingdom,4060800303066,Diet pepsi,Pepsi,0.0
united-kingdom,4088600274065,Lemonade,vive,4.5
united-kingdom,0012000181962,With a splash of mango juice,Pepsi,11.553201082056
united-kingdom,4088600264349,Low Calories Indian Tonic Water,Vive,0.5
united-kingdom,4088600541075,"Dark Thunder, Ultra Berry",,0.1
united-kingdom,5057172977581,Asda cola,Asda,4.5
united-kingdom,5000112662191,Coke Diet,Coca-Cola,0.0
united-kingdom,5449000106889,Fanta Pineapple & Grapefruit 2ltr,Fanta,4.6
united-kingdom,5449000131829,Zero sugar,Coca-Cola,0.0
united-kingdom,4712966542185,Ocean bomb lychee flavour,,7.0
united-kingdom,4056489572251,Diet lemonade,Lidl,0.0
united-kingdom,5000112649901,fanta grape,Fanta,0.7
united-kingdom,50303861,Britvic spicy Ginger Ale,,9.1
united-kingdom,5000112629279,Cocacola,Coca-Cola,10.6
united-kingdom,5449000309426,Fanta Strawberry & Kiwi,Fanta,0.1
united-kingdom,5449000307859,Fanta,Fanta,0.1
united-kingdom,5060108454995,Spanish clementine tonic water,Fever-Tree,4.5
united-kingdom,5000112549737,Schweppes lemonade,Coca-Cola,4.2
united-kingdom,5060108452410,Spiced Orange Ginger Ale,Fever-Tree,4.3
united-kingdom,4060800304827,Pepsi max no caffeine,Pepsi,0.0
united-kingdom,5010102003804,Tango Orange 2ltr,Tango,4.2
united-kingdom,50107827,Barrs Irn Bru 2ltr,Barr,4.7
united-kingdom,54491397,Fanta Zero Sugar,The Coca-Cola Company,0.5
united-kingdom,0400002564874,Butterbeer butterscotch flavour sparkling soft drink,,7.9
united-kingdom,8908012471004,Indian tonic water,Sepoy & Co.,4.8
united-kingdom,56765657565,Cola,Freeway,48.0
united-kingdom,9023799000137,Orange Squash,Rocks,41.0
united-kingdom,5449000120984,Fanta Orange Zero 2Ltr,Fanta,0.0
united-kingdom,20327156,Lidl low calorie tonic water,Freeway,0.1
united-kingdom,50303847,Tonic Water 15cl boks Britvic,Haugen - gruppen as,6.2
united-kingdom,5060108450546,"Tonic Water Mediterranean 0,5l flaske Fever-Tree",Multibev,7.4
united-kingdom,8901764052279,Limca lime lemon drink 750ml,Coca-Cola,10.7
united-kingdom,54493957,Fanta Fruit Twist 500 Ml,Fanta,4.8
united-kingdom,5449000000996,Coca-Cola,Coca-Cola,10.6
united-kingdom,5060602580213,"Peach, Ginger & Chai",Punchy,3.9
united-kingdom,5060108451697,Refreshingly Light Mediterranean Tonic Water,Fever-Tree,4.2
united-kingdom,5000112545326,Coca-Cola,Coca-Cola company,10.6
united-kingdom,5449000227416,appletiser,Appletiser,4.2
united-kingdom,54491014,Coca Cola Original Taste,Coca-Cola,10.6
united-kingdom,5449000130389,Original Taste,Coca-Cola,10.6
united-kingdom,4060800309952,7 up zero sugar,7 up,0.0
united-kingdom,5449000133724,Coca-Cola Zero,Coca-Cola,0.0
united-kingdom,5000382024033,American Cream Soda Can,Rockstar,3.8
united-kingdom,0764598600126,,Biercors,8.0
united-kingdom,5059697386305,Orange Quadruple strength,Tesco,0.2
united-kingdom,5000112664294,Coca-Cola,The Coca-Cola Company,10.6
united-kingdom,5449000058386,Coca-Cola,Coca-Cola,10.6
united-kingdom,5026109004119,heartsease farm sparkling traditional lemonade,,7.8
united-kingdom,5022019750115,Belvoir Non-Alcoholic Passionfruit Martini - 1x750ml,Belvoir Farm,7.2
united-kingdom,01199574,Diet lemonade,Sainsbury’s,0.2
united-kingdom,5000112649932,Fanta Orange,Fanta,4.6
united-kingdom,4060800178008,Pepsi Max,Pepsi,0.0
united-kingdom,5060084982079,Sicilian Lemonade,Cornish Orchards,9.1
united-kingdom,5060444850208,Tenzing Raspberry & Yuzu,Tenzing,4.5
united-kingdom,0611269001945,The Summer Edition,Redbull,10.4
united-kingdom,90162602,Redbull,Red Bull,11.0
united-kingdom,01327090,Cloudy Lemonade,By Sainsbury's,0.5
united-kingdom,50271511,IRN-BRU Bottle,Irn Bru,4.5
united-kingdom,5054267004825,Zero Pink Lemonade,Lucozade,0.1
united-kingdom,50107407,Tizer,Tizer,3.9
united-kingdom,5028911006107,Frootee,,0.0
united-kingdom,0056947562064,Watermelon Daily A-Z vitamins + 100mg caffeine,Huel,0.9
united-kingdom,5010973003392,Premium Yellow Lemonade,Huddersfield Drinks Company,2.0
united-kingdom,4060800304803,Pepsi max 0 caffeine,Pepsi,0.0
united-kingdom,8002270446689,Italian orange,San Pellegrino,7.8000001907349
united-kingdom,8698980921099,Sarikiz gazoz,,0.0
united-kingdom,8901764052903,Limca,Coca-Cola,11.0
united-kingdom,4088600415918,Ridge vally,Aldi,2.9
united-kingdom,5449000219251,Coca,Coca-Cola,0.0
united-kingdom,5010102119314,Lemonade,,2.4
united-kingdom,5010251508717,Morrisons Diet Lemonade,Morrisons,0.0
united-kingdom,5000382106548,KA fruit punch,KA,4.0
united-kingdom,5010251594895,Diet cola,Morrisons,0.0
united-kingdom,5010251761112,Sparkling sicilian lemonade,Morrisons,4.9
united-kingdom,5449000050007,Dr Pepper,Dr Pepper,4.9
united-kingdom,4088600050850,Tonic water,,0.5
united-kingdom,40608174,Sevenup,7Up,4.7
united-kingdom,5060108450966,Refreshingly Light Indian Tonic Water,Fever-Tree,3.8
united-kingdom,5060108453240,Rhubarb and raspberry tonic water,Fever-Tree,4.7
united-kingdom,5060108450324,Indian tonic water,Fever-Tree,3.8
united-kingdom,8718692616233,Diet Tonic,Sodastream,0.0
united-kingdom,5022019170111,Limonade au jus de citron pressé bio,Belvoir Farm,7.5
united-kingdom,5000128639132,Irresistible Sparkling Apple & Raspberry with a hint of Rose Pressé,Coop,4.8
united-kingdom,5011835102772,Organic Sparkling Ginger,whole earth,7.6
united-kingdom,5000382102458,IRNBRU XTRA,Barr,0.0
united-kingdom,5449000229861,Coca-Cola,Coca-Cola,10.6
united-kingdom,5000128777636,Premium indian tonic water,Coop,12.0
united-kingdom,5000112640328,Coca Cola Zero,Coca-Cola,0.0
united-kingdom,01417128,Cream Soda,By Sainsbury's,0.5
united-kingdom,02204833,limonata,Sanpellegrino,7.8
united-kingdom,5056238600708,Raspberry Lemonade,Starbucks,4.2
united-kingdom,5000112661965,red fanta,Fanta,4.4
united-kingdom,5060499151039,Sparkling lemonade,,0.2
united-kingdom,4060800303455,7up,,0.0
united-kingdom,4060800309525,Cheery pepsi max,Pepsi,0.0
united-kingdom,0745110122227,lightning mcgreen,the craft tea brew co,3.5
united-kingdom,5000128027298,Diet indian tonic water,The co-operative,0.5
united-kingdom,5060375090049,Root Beer,Soda Folk,11.8
united-kingdom,3263855091761,Limonade,Le prix gagnant,0.3
united-kingdom,5000436777533,Classic Cola,Tesco,4.7
united-kingdom,21107443,Fanta Lemon,Asda,0.0
united-kingdom,8480000290250,Fresh gas naranja,Hacendado,7.7
united-kingdom,25303162,Cola original,,4.9
united-kingdom,5060493120284,Square Root Lemonade,Square Root,6.2
united-kingdom,4712966540167,Ocean bomb,,10.0
united-kingdom,8002270146503,San Pellegrino Limonata,San Pellegrino,4.7
united-kingdom,20914523,Freeway orange zero,Lidl,0.2
united-kingdom,5057753466657,Stockwell Sugar free Lemonade,Stockwell & Co,0.0
united-kingdom,5449000043757,Coca cola zero sugar,Coca-Cola,0.0
united-kingdom,5054267007895,Ribena Blackcurrant,Calypso,4.3
united-kingdom,8002270756474,Aranciata Rossa,San Pellegrino,4.9
united-kingdom,00557108,Diet lemonade,M&S,0.1
united-kingdom,00802864,,Marks & Spencer,8.4
united-kingdom,5449000171481,Diet Coke,Coca-Cola,0.0
united-kingdom,4060800109781,Sparkling Lemon & Lime Drink,7up,7.0
united-kingdom,5010018002014,R.White's Premium Lemonade,,2.4
united-kingdom,5000193034559,Dr Pepper,coca-cola,4.9
united-kingdom,5000382029816,Irn Bru,Barr,10.3
united-kingdom,50413409,Indian Tonic Water,Britvic,6.2
united-kingdom,5060054134323,Elderflower Lemonade,Cawston Press,4.8
united-kingdom,5449000052407,Coca-Cola Life,Coca-Cola,5.8
united-kingdom,5449000052988,Coca-Cola Life,Coca-Cola,6.67
united-kingdom,8002270506833,Sanpellegrino,San Pellegrino,4.4
united-kingdom,5059697759444,No added sugar Cream Soda,Tesco,0.0
united-kingdom,5449000315649,Coca cola Dreamworld,Coca-Cola,0.0
united-kingdom,10100100019144515171228,Coke cola zero sugar,Coca-Cola,0.0
united-kingdom,54492493,Citron,Fanta,19.5
united-kingdom,54491472,Coca Cola 500ml,Coca-Cola,10.6
united-kingdom,54491069,Sprite Summer,Sprite,1.9
united-kingdom,5942321000213,Fanta Madness cu suc de struguri,Coca Cola,8.4
united-kingdom,5449000131836,Zero Sugar,Coca-Cola,0.0
united-kingdom,4056489864363,Carbonated no added sugar orange flavour soft drink with sweetener.,Freeway,1.3
united-kingdom,8850389103159,,Mogu mogu,11.875
united-kingdom,5029396222334,Ginger Beer 275ml flaske Fentimans,Cask as,4.4
united-kingdom,5010102243156,Purdey’s  Natural Energy,,13.0
united-kingdom,4056489738732,Cola Xx,Freeway,0.0
united-kingdom,0004900002898,Coke cola diet,,0.0
united-kingdom,5060054132480,Elderflower Lemonade,Cawston Press,3.9
united-kingdom,8888002076009,Coca Cola,Coca-Cola,10.6
united-kingdom,5060947541986,Monster Energy Juiced Aussie Lemonade Style,Monster Energy,9.7
united-kingdom,5000382111856,IRN-BRU,A.G.Barr,4.7
united-kingdom,5449000267412,Coca-Cola,Coca-Cola,10.6
united-kingdom,5060494810665,Raspberry Probiotic Soda,Dalston's,2.4
united-kingdom,5023762000632,,,38.3
united-kingdom,5000112662092,,Coca-Cola,10.6
united-kingdom,5449000329691,Coca Cola Limited Edition Oreo,Coca-Cola,0.0
united-kingdom,5054267003385,Blackurrant,Ribena,1.3
united-kingdom,29266654,Diet Pink Lemonade,M&S,0.2
united-kingdom,5000436882763,Lemonade,Tesco,2.8
united-kingdom,5060499150001,green cola,green room brands ltd,0.0
united-kingdom,5010018003165,R.White's Premium Lemonade,Whites,2.4
united-kingdom,50271351,Red Kola,,3.7
united-kingdom,8002270476686,San Pellegrino limonata,San Pellegrino,7.8
united-kingdom,5060358090028,ALOE Lychee,Just Drink,4.5
united-kingdom,4088600137117,Vive diet Lemonade Aldi,Vive,0.152
united-kingdom,5021875000129,Red Kola,,4.85
united-kingdom,5000112640212,Coca cola,Coca-Cola,10.6
united-kingdom,54491496,Diet coke,The Coca-Cola Company,0.0
united-kingdom,5060605060552,Mexican lime,Fever-Tree,4.0
united-kingdom,4060800133601,7 up free,Seven-Up,0.0
united-kingdom,5000382104032,Irn bru extra,Barr,0.0
united-kingdom,5000112583915,Coka cola,Coca-Cola,0.0
united-kingdom,10261095,Sparkling British Raspberry Lemonade,Heartsease Farm,7.8
united-kingdom,5050432003464,L'mon orange,,4.2
united-kingdom,5000112552508,Coca-cola,Coca-Cola,10.6
united-kingdom,50193356,Lemonade (150ml),Schweppes,4.2
united-kingdom,4056489550938,Freeway Cola Max,Freeway,0.0
united-kingdom,29266685,Marks and spencers diet cloudy lemonade,Marks & Spencer,0.2
united-kingdom,4060800308443,Pepsi 500ml,Pepsi,4.6
united-kingdom,5000112664270,Dr Pepper,Dr Pepper,4.4
united-kingdom,4002627801523,,,4.5
united-kingdom,0613008765798,Strawberry Lemonade,Arizona,4.8
united-kingdom,5029396003292,Curiosity Cola,Fentimans,3.9
united-kingdom,5010087013102,Vimto no added sugar,vimto,0.8
united-kingdom,5029212500523,Sicilian Lemonade,Luscombe,7.9
united-kingdom,5000112557336,Indian tonic water,Schweppes,4.9
united-kingdom,8712857008109,Aloe Lemon,Tropical,8.5
united-kingdom,5449000000989,,Coca-Cola,11.1
united-kingdom,5000128681513,Indian tonic water,Coop,4.9
united-kingdom,00172899,Diet Cola,M&S,0.1
united-kingdom,5010358268392,Spar Classic Cola,Spar,4.5
united-kingdom,5060054132459,Cawston Press Rhubarb,Cawston Press Rhubarb,3.55
united-kingdom,5010324027312,Dandelion & Burdock,Ben Shaws,4.8
united-kingdom,5000112659269,Fanta lemon zero sugar,Fanta,0.2
united-kingdom,01723403,Cola,By sainsbury's,4.8
united-kingdom,8002270946851,Blood orange light,San Pellegrino,4.9
united-kingdom,5060030503808,Joosed Fruity Water,,6.1
united-kingdom,4088600222646,Light indian tonic water,,2.0
united-kingdom,5010482645748,Lemonade,Iceland,4.2
united-kingdom,4060800177155,Pepsi Max,Pepsi,0.0
united-kingdom,00511063,Lemonade,Marks & Spencer,7.2
united-kingdom,5054781578178,Extra Special Light Tonic Water,Asda,3.5
united-kingdom,20561482,Cola,Lidl,0.80000001192093
united-kingdom,50107445,dandelion and burdock,Barr,4.0
united-kingdom,8690574840519,Afghjan,fgdfhشنلن,7.0
united-kingdom,20405922,Freeway Premium Lemonade,Lidl,4.6
united-kingdom,8002270066665,Sanpellegrino Limonata,San Pellegrino,7.97
united-kingdom,5449000669902,Coca Cola Zero Sugar,Coca Cola,0.0
united-kingdom,5010251509110,Indian tonic water,Morrisons,0.0
united-kingdom,5449000060501,Dr Pepper 8X330ml ..,Dr Pepper,4.9
united-kingdom,5060108453325,Handpicked rose lemonade,Fever-Tree,4.6
united-kingdom,5010438017476,Caribbean Crush,Levi Roots,4.3
united-kingdom,5022019480111,Raspberry lemonade,Belvoir fruit farms,7.3
united-kingdom,5010438017544,"Vimto orange, strawberry & lime",Vimto,0.3
united-kingdom,5010438017346,Vimto,Vimto,4.3
united-kingdom,8002270166471,Aranciata,San Pellegrino,4.7
united-kingdom,4088600402451,Mojito mocktail,Aldi,0.4
united-kingdom,4088600274089,(Vive) Orange Zero Sugar,Vive,0.5
united-kingdom,8002270056574,Lemon & Mint,San Pellegrino,4.9
united-kingdom,5000112630633,Coca cola,Coca-Cola,10.6
united-kingdom,5051413161715,Orange crush,asda,0.5
united-kingdom,0078000052428,"Naturally & artificially flavored soda made with aged vanilla, root beer",A&W,12.8
united-kingdom,00797399,Diet tonic,M&S,0.1
united-kingdom,00812344,Sparkling Elderflower Soda,Marks & Spencer,8.1
united-kingdom,0851246000008,Energy Beverage,Baba Roots,12.413793103448
united-kingdom,5029212125740,Sicilian lemonade,,9.5
united-kingdom,5057753466329,tesco diet cola,Tesco,0.1
united-kingdom,87170856,7up Free,PepsiCo,0.0
united-kingdom,5010102117600,Lemonade,,6.0
united-kingdom,5449000064219,Slimline Tonic Water,Schweppes,0.0
united-kingdom,5060084982093,English apple,Cornish Orchards,7.8
united-kingdom,5011026005592,pepsi max,,0.0
united-kingdom,4088600350394,Diet cola,Aldi,0.5
united-kingdom,5000382033554,Barr Diet cola,,0.0
united-kingdom,5057753932992,Quadruple strength apple and blackcurrant,Tesco,0.2
united-kingdom,5000112647273,Diet coke,Coke,0.0
united-kingdom,5000112588385,Coca cola,Coca-Cola,10.6
united-kingdom,5000112662146,Coke-zero,Coca-Cola,0.0
united-kingdom,5070000962023,Ginger + Lemon,,1.7
united-kingdom,5449000009524,What the fanta,Fanta,0.0
united-kingdom,4056489723479,Diet Lemonade,Freeway,0.0
united-kingdom,5000112662214,Diet coke,Coca-Cola,0.0
united-kingdom,010100100019144515171228,Coke cola zero sugar,Coca-Cola,0.0
united-kingdom,5022019890286,Belvoir botanical soda bitter orange,,3.7
united-kingdom,5029396003148,rose lemonade,fentimens,3.9
united-kingdom,4060800002242,Pomegranite,Pepsi,0.0
united-kingdom,42099475,Tonic Water,Schweppes,0.0
united-kingdom,5000177467229,Pineapple Soda,Old Jamaica,12.5
united-kingdom,5010102003507,Tango Apple,Tango,2.1
united-kingdom,5011166054559,Cucumber,Lamb & Watt,7.9
united-kingdom,5010102114135,Double Concentrate Orange Squash No Added Sugar,Robinsons,0.0
united-kingdom,5029212126334,Sparkling Dring Orange Lemon,Luscombe,9.6
united-kingdom,50107452,IRN-BRU Sugar Free Bottle,A.G. Barr,0.0
united-kingdom,5022019430116,Farms Cucumber & Mint Pressé,Belvoir Farm,7.4
united-kingdom,5060108450041,Lemon Tonic,Fever tree,7.6
united-kingdom,5060155610146,Ubuntu Cola,Ubuntu,10.4
united-kingdom,5060233130009,KOJI Lemon & Ginger,KOJI,3.3
united-kingdom,5449000009197,Diet coke,coca-cola company,0.0
united-kingdom,5449000214744,Coca Cola Cherry zero sugar,Coca-Cola,0.0
united-kingdom,5449000196057,Fruit & Nada,minute maid,7.5
united-kingdom,7002426465381,Irn Bru,Barr,4.7
united-kingdom,5060981610211,Pink Lemonade,Nutrein,2.2
united-kingdom,7033850008233,Brus pæresmak,Oskar sylte mineralvannsfabrikk,10.4
united-kingdom,5449000673039,Diet coke Kate Moss,The Coca-Cola Company,0.0
united-kingdom,29266678,Orange Crush,Marks & Spencer,0.4
united-kingdom,4060800309112,Pepsi Max Mango,Pepsi,0.0
united-kingdom,4060800306982,Pepsi Max  - Lime,Pepsi,0.0
united-kingdom,8002270396885,,San Pellegrino,4.5
united-kingdom,5000112572933,Diet coke,Coca-Cola,0.0
united-kingdom,5000112648485,Zero,Coca-Cola,0.0
united-kingdom,5000112659313,Fanta Zero Sugar,Fanta,0.4
united-kingdom,4060800303844,pepsi max,Pepsi,0.0
united-kingdom,5054267010710,Lucozade Energy Orange,Lucozade,4.5
united-kingdom,8901764041259,Thums Up 300ml can,Coca Cola,10.0
united-kingdom,5060605060576,Italian Blood Orange Soda,Fever-tree,0.86
united-kingdom,4061462944802,Lemon Zero Sugar,Vive,0.0
united-kingdom,5054267003644,Orangina,Orangina,1.2
united-kingdom,5021812005620,Blood Orange Spritz - Sparkling Pressé,Bottlegreen Drinks,7.7
united-kingdom,5015672006903,Dr Pepper,Dr Pepper,4.9
united-kingdom,5010251509011,Morrisons - Limeade,Morrisons,0.0
united-kingdom,90490705,Fanta exotic,Coca Cola,13.1
united-kingdom,9421902090349,Karma Cola,Karma Drinks,9.6
united-kingdom,5449000601971,coke,Coca-Cola,10.6
united-kingdom,5449000014535,Спрайт,Sprite,4.55
united-kingdom,5029396739078,Gently sparkling elderflower,Fentimans,6.9
united-kingdom,5000112582642,Diet Coke,Coca Cola,0.0
united-kingdom,5000112659542,Cappy,Nesy,4.0
united-kingdom,5052109851446,Xero cola,Tesco,0.1
united-kingdom,5059697704932,Diet lemonade,Tesco,0.1
united-kingdom,29234288,Cola with Madagascan vanilla,Marks & Spencer,3.4
united-kingdom,5449000204899,Slimline Tonic Water with Elderflower,Schweppes,0.0
united-kingdom,5000112649864,Coke zero,Coca Cola,0.0
france,5449000285720,Fanta Rasberry,Fanta,0.0
france,5206542007667,Green Sour Cherry Carbonated,green,2.0
france,3608330126840,Boisson saveur agrumes,Sun (Refresco),7.6
france,5449000242136,Coca Cola sans sucres,Coca Cola,0.0
france,5186020627733,Limonade,Lorina,7.4
france,3700232400148,Cola,,9.5
france,5449000119964,Coca cola zero sucre,Coca cola zero,0.0
france,3665676000524,Orangina rouge,,9.0
france,01383119,7up cherry free,7up,0.0
france,5400514341500,Cola bio,,13.0
france,8480000290854,Cola zero azúcar,Hacendado,0.0
france,50414543,Tonic Water Bitter Orange & Elderflower,Balance,3.9
france,5054267003477,Ribena No Added Sugar Concentrated Blackcurrant,Ribena,0.3
france,5060191280457,Mr freeze cola,Mr.Freeze,11.5
france,5060335632531,Monster Assault Energy,Monster,8.8
france,5060466515703,Nalu frost,Nalu,4.8
france,5202908000099,AGROS 1L - LEMONADE - 1.50 Euro,Agros,12.0
france,5400601005360,Lemonade Orange,365 Delhaize,7.7
france,54004450,Schweppes Ginger  beer et chili,Schweppes,11.1
france,5410033820707,Sparkling Ice Tea,Lipton,4.5
france,5410221305306,Schweppes-lemon Soda (diet)-330ml-belgium,Schweppes,0.0
france,5413982100005,"Tao Vitality - Green Tea, Ginko Biloba, Vitamin C, Biotin",Tao,7.2
france,5415270100339,Kidibul,Kidibul,9.5
france,5449000000965,Coca-Cola 6 x 330ml,Coca-Cola,10.6
france,5449000028938,Fanta,Fanta,9.6
france,5449000036889,refresco de naranja,hawai,6.0
france,5449000052346,Coca-Cola life ,Coca-Cola,6.7
france,5449000052971,,Coca-Cola,6.7
france,5449000056665,"Coca-Cola Light - sans caféine, sans sucre",Coca-Cola,0.0
france,5449000058362,Fanta,Fanta,11.7
france,5449000091659,Coca Cola Life 1L MW,Coca Cola,5.0
france,5449000100016,Coca Cola Refresco De Cola,Coca-Cola,10.3
france,5449000119056,Fanta Shokata,Fanta,10.5
france,5449000201935,Coca-Cola Zero Zero,Coca-Cola,0.0
france,5449000223050,Coca-cola Lime 1L,Coca-Cola,10.6
france,5449000223494,Fines Bulles Spritz,Finley,3.9
france,5449000223548,Coca-cola light sans caféine pet,Coca cola zero,0.0
france,5449000224040,Coca-Cola Zero Sucres,The Coca-Cola Company,0.0
france,5449000226396,Coca zero lemon,COCA-COLA,0.0
france,5449000227195,Coca-Cola Lemon saveur citron,Coca-Cola,0.0
france,5449000228123,Coca cola light,Coca-Cola,0.0
france,5449000237347,Coca Cola,Coca-Cola,10.6
france,5449000240491,Coca cola light Mangue,Coca Cola,0.0
france,5449000241764,Coca zéro lemon,Coca-Cola,0.0
france,5449000242655,Sprite citron-citron vert-concombre,Sprite,0.0
france,5449000244475,Sprite citron-citron vert,Sprite,2.0
france,5449000250902,Citronnade,Minute Maid,3.9
france,54490130,,Schweppes,12.6
france,5453002980477,Pink Grapefruit Mint,28 Drinks,11.0
france,5449000004864,Sprite,COCA-COLA,3.3
france,5449000015143,Coca cola 6 x 500 ml,Coca-Cola,10.6
france,5449000022653,Fanta Pomme,Fanta,10.6
france,5449000036964,Poms,COCA-COLA,9.62
france,5449000039231,Tónica original,Nordic Mist,7.8
france,5449000052186,Fanta Citron frappé,Fanta,6.3
france,5449000096333,Coca Cola Waniliowa Coca-cola Vanilla Oryginalna,Coca-Cola,11.2
france,5449000096968,Apple & Sour Cherry,Fanta,7.9
france,5449000098153,Coca Cola Vanilla Coke 1.5 Litre,Coca Cola,10.6
france,5449000099389,Coca-cola vanille,coca-cola,10.6
france,5449000109255,Coca Cola Cherry,Coca-Cola,10.6
france,5449000112668,Nestea  Mangue Ananas,Nestea,4.6
france,5449000112965,Băutură răcoritoare cu aroma de struguri,Fanta,8.4
france,5601045000137,,Sumol,7.4
france,5449000152473,Coca cola zero,Coca Cola,0.0
france,5449000154750,Popular Product Today Only Coca Cola Zero 15 x,Coca-Cola,0.0
france,5449000169334,Coca-Cola Zero sans caféine,coca-cola,0.0
france,5449000183217,,Coca-Cola,11.1
france,5449000197092,Cherry Coke,Coca-Cola,10.7
france,5449000204356,Pamplemousse & orange sanguine,Finley,4.6
france,5449000204394,Finley - Pamplemousse & Orange sanguine,Finley,4.6
france,5449000214447,Coca-Cola,Coca-Cola,10.6
france,5449000214843,Coca-Cola Cherry,Coca-Cola,10.7
france,5449000223487,Boisson,Finley,3.9
france,5449000223968,Coca cola light mini,Coca Cola,0.0
france,5449000226945,Finley Royal,Finley,4.5
france,5449000229199,Coca Cola Zero sucres 20cl,Coca-Cola,0.0
france,5449000239594,Coca Coca Zéro Pêches,Coca Cola,0.0
france,5449000251176,Coca-Cola Saveur Framboise Zéro Sucres,The Coca-Cola Company,0.0
france,5449000958402,Agrume & Grenade,Finley,4.5
france,54491076,Diet Coke,Coke,0.0
france,5711018021899,Gingerbeer Caribia,caribia,14.0
france,5740700994203,Fanta Lemon,Fanta,11.6
france,5996379323626,Happy cola,Haribo,46.0
france,6036000065910,Non-alcoholic ginger drink,Padosh Happi Life,26.0
france,6130093059716,Ifri Citron,Ifri,12.0
france,6130799002184,Soda,Mami Boissons,13.2
france,6194019802282,Apla,,10.0
france,6920702088028,Boisson Gazeuse Pomme 33cl,ELISHA,3.7142857142857
france,7610097120074,Rivella,Rivella,8.4
france,7610029186239,Grape-Fruit,Denner,9.0
france,7610097111256,Rivella Original,Rivella,9.0
france,7610097118255,Rivella pêche,Rivella,8.4
france,7610097119252,Rhubarbe - Boisson gazéfiée,Rivella,8.4
france,7610097126182,Rivella Refresh,Rivella,5.2
france,7610200337726,Grapefruit,M Budget,6.9
france,7610235221069,Boisson aux arômes de citron et de limette,7Up,10.6
france,0065400000968,7up,7up,10.4
france,3484700007939,Breizh Cola,Breizh cola,9.3
france,5449000160096,Schuss,Schuss,0.0
france,20514914,Cola,Freeway,10.2
france,3256228440457,Cola,U,7.4
france,8710642045360,Super pineapple,Fernandes,11.5
france,8032919462732,La Nostra Limonata,Lurisia,16.1
france,4056489009924,Freeway orange,Lidl,8.3
france,90495502,"Sprite 0,2",Sprite,8.0
france,3249760000012,Orangina,Orangina,10.2
france,5449000308405,Fanta citron,Fanta,6.3
france,3760056350487,Lorraine Cola,Les Brasseurs De Lorraine,10.08
france,3564700510735,Jean's Cola Zéro,Marque Repère,0.0
france,5060102622369,original cola,Francis hartridge's,12.4
france,0745178739993,Black Lemonade,,6.0
france,3256860702043,limonade pur sucre,Liness,9.0
france,3256860702050,Bio Liness,Liness,8.6
france,3256860702227,Limonade,Lisbeth,9.0
france,3257980698131,Cola,Cora,8.9
france,3257981359178,Cora Cola Light,Cora,0.5
france,3257981359222,"Tonic, 6 Bouteilles De 33 Centilitres, Marque Cora",Cora,7.3
france,0070847006145,Energy drink,Monster,0.83
france,3222471443040,Soda citron,Casino,7.1
france,3222474215385,Tonic,Casino,7.9
france,3222475626319,LIMONADE BIO au sucre de canne,Casino Bio,8.3
france,3222476284075,Cola Edulcorant Naturel ,Casino,6.5
france,3222476921635,Tonic zero aux extraits naturels d'écorces de quinquina et d'agrumes,Casino,0.3
france,3228886001554,Lipton Liptonic l'original pétillant 6 x 33 cl,Lipton Ice Tea,7.9
france,3245390178183,Cola Classic,Grand jury,11.0
france,3245411441920,Limonade zero*,Carrefour,0.0
france,3245390014955,Soda saveur Orange,Grand Jury,8.0
france,3245412707261,Limonade zero*,Carrefour,0.02
france,3249290001589,Liger Cola,Loire Valley Distribution,10.9
france,3249290002807,Limonade Tradition L'ABEILLE DE CHOLET,L'abeille de Cholet,7.0
france,3249290004764,Cola,Cola,10.2
france,3249760019625,Miss O! - Orangina et sa pulpe!,MISS O,1.2
france,3248650134639,Boisson Tonic aux extraits naturels d'écorces de quinquina,Monoprix,7.9
france,3248710362002,Pomme selecto soda,selecto,10.2
france,3249290004757,Cola Zero,L'abeille SA,0.20000000298023
france,3249760013319,"Orangina Pack Bouteille Verre Perdu,",Orangina,9.8
france,3250390145905,Look Cola Classic 50 cl,Look,8.5
france,3250390514008,Limonade artisanale Itinéraire Des Saveurs,Itinéraire des Saveurs,7.4
france,3250390329022,Pomabul,Look,10.3
france,3250390759072,Cola one,Netto,4.8
france,3250391457656,Cola Zero,Look,0.5
france,3250391459131,Cola,Look,9.4
france,3250391997374,Cola zéro **,Look,0.0
france,3250392285043,Look Soda au cola zéro la bouteille de 1 l,Intermarché,0.5
france,3250391831470,Look cola saveur cerise,Look,10.5
france,3256220113601,Tonic zero,U,0.5
france,3256222643649,Citronnade,U,6.0
france,3256224068938,Cola regular,U,7.2
france,3256222643502,Boisson gazéfiée saveur cola avec sucre et édulcorant,U,6.4
france,3256223010532,Limonde zéro sans sucre,U,0.33299999999999996
france,3256223022221,Cola standard classic,U,7.4
france,3256223669044,Soda saveur citron,U,6.3
france,3256223669068,Soda saveur agrumes zéro sucre,U,0.2
france,0049000061062,Lemon Lime Soda,Sprite,10.810810810811
france,0016600010240,Ginger Ale,Schweppes,8.97
france,3760009534209,Limonade,,8.9
france,0049000049633,Sprite Soda Lemon-lime,,51.0
france,5000112547450,Mezzo Mix,Coca-Cola,7.9
france,3249760000081,Orangina,Orangina,10.2
france,3346040116309,La limonade artisanale,La Grande Épicerie de Paris,8.0
france,40608143,Diet Pepsi,Pepsi,0.0
france,5449000101310,Hawai Tropical,Hawai,13.3
france,06750600,Lemon-Lime Soda,Sprite,10.7
france,5708636104608,Bitterlemon,Naturfrisk,9.0
france,5449000000088,Fanta,The Coca Cola Company,4.4
france,3124480188946,Ginger ale,schweppes,5.9
france,5449000283832,Fanta citron,Fanta,6.3
france,3760198303525,Limonade pur citron au gingembre,Biercors,8.0
france,9120075270762,Hakuma,,6.7
france,0070847017707,Monster Energy,Monster,0.0
france,6194019608273,Boga mojito,Boga,9.88
france,5449000008046,Coca-Cola,Coca-Cola,10.6
france,5000112658699,Coca Citron,Coca-Cola,0.0
france,5449000160072,Refresco Schuss Gaseosa 1L,Schuss,0.0
france,87156836,Pepsi Cola,Pepsi,10.6
france,4049205023670,,bionade,5.0
france,4022652745388,Orangen - Limonade,,7.3
france,3124480159106,Orangina et sa pulpe,Orangina,9.8
france,3760009532748,Lim'o myrtille softs Bio,,5.9
france,3410280141206,Cola intermarché,Top Budget,1.5
france,2006050060108,Cola sans sucres,River,0.0
france,3124480184825,Virgin Cosmo Cranberry,Schweppes,5.5
france,3249760011315,Miss O! - Orangina et sa pulpe!,Orangina,1.2
france,3484700000831,Breizh Cola Zéro,Breizh Cola,0.3
france,7640124212014,Mojo Blueberry,MOJO AG,7.6
france,7891991001342,Guarana,Antarctica,10.0
france,8001440115967,Derby Ace Zero 1.5LT,Derby,4.5
france,8002270126567,La limonata,San Pellegrino,8.7
france,8002270616563,Bibite gassate,San Pellegrino,9.5
france,8410749000247,Tonic water,Vichy catalan,0.0
france,24067201,Limonada,Gutbio,10.3
france,8690504511199,Cola Turka 330 ML - Can,Dydo,5.2
france,9315596200231,Schweppes Lemonade,Schweppes,11.0
france,3270190005261,PULP' Saveur Orange,Carrefour,8.4
france,8014396000393,Acqua tonica,Schweppes,8.9
france,8002270866562,CHINÒ,San Pellegrino,10.0
france,8002270076787,Chinò zero,San Pellegrino,0.1
france,3560070791118,Limonade,Carrefour Bio,8.4
france,8032919465108,Orangeade / Aranciata,Lurisia,13.43
france,8002270836565,L'Aranciata,San Pellegrino,8.6
france,5000112557695,Sprite,Sprite,1.9
france,3560070566402,Saveur orange,Carrefour,6.7
france,8003423700023,Siesta Lemon,Romanella,10.4
france,5449000000453,Coca Cola,Coca-Cola,10.6
france,0049000037197,Lemon lime diet soda soft drink,Sprite,0.0
france,0090478000947,Jarritos Mango,Jarritos,9.4
france,5060108450959,Fever-Tree premium Indian tonic water,Waitrose,7.4
france,0560240361991,Jean's Cola,Marque Repère,0.0
france,3760377560404,Le bon cola,,8.9
france,5449000275639,Lemonade Tasty Lemon,,4.7
france,3254560599680,Soda citron - Goût citron,Auchan,7.5
france,3596710360703,Soda orange,Auchan,11.3
france,3596710364268,Planet Cola,Auchan,10.9
france,3596710443529,Saveur Spritz Boisson pétillante sans alcool,Auchan,10.0
france,26063300,Diabolo Grenadine,Carrefour Bio,7.4
france,3270190129486,Pulp' Orange,Carrefour,9.0
france,3560070104475,Cola Classic Carrefour,Carrefour,6.5
france,3560070822003,Saveur Agrumes Pétillant,Carrefour,8.0
france,4005906002796,Adelholzener Johannisbeere bio,Adelholzener,6.2
france,8711900013213,Taurine drink Psychik,Carrefour,11.0
france,3250390030775,Diabolo Menthe,Look,8.4
france,3250390050391,classic Tonic,Look,7.0
france,5449000153654,Fanta sans sucres,Fanta,1.3
france,6260806400020,Coke,,10.0
france,8600037998787,Pepsi,Pepsi,11.0
france,20514723,Freeway-cola zero,Freeway,0.1
france,5449000286932,Fanta lemon,Fanta,7.8
france,8718692611511,Cola light,Sodastream,0.0
france,5000119092267,Low Calorie Ginger Ale,Tesco,0.1
france,9349249001326,Yuzu,StrangeLove,3.6
france,7501055300075,Coca-Cola,Coca-Cola,7.5
france,5410221506604,Dr pepper,Dr pepper,6.8
france,00050678,Diet sparkling fiery ginger beer,Marks & Spencer,0.1
france,7613034555977,Romanette,Nestlé Waters,10.4
france,3770004761227,Limonade artisanale et bio de Lozère,Les Brasseurs de la Jonte,6.0
france,90370762,Coca Cola Zéro,Coca-Cola,0.0
france,3257985293690,Pack de 4 bouteilles de cola,Cora,9.4
france,5000112620191,Fanta Lemon Ohne Zucker,Fanta,0.0
france,5449000218162,Bílé hrozno,Fanta,7.7
france,3258561301761,Diabolo menthe,Belle France,7.6
france,3257986914686,Soda Nature Bio Fruit Rouges,Nature Bio,8.1
france,8002270576645,Limonata Organic,San Pellegrino,7.8
france,4015533100291,BioZisch Natur Orange,Voelkel,7.1
france,5449000289445,Fanta limonata,Fanta,0.4
france,5449000054852,Sprite,Sprite,1.9
france,3551720203358,Luminade agrumes de Méditerranée,Lorina,6.4
france,3222477710368,Cola zéro,Casino,0.0
france,3289196810113,Limonade,Vitamont,5.9
france,42425908,Icetea Schwarzer Tee Pfirsich Hibiskus,Solevita,4.3
france,8718734821021,Gin tonic Mocktail,,9.0
france,8002270326790,Sanpellegrino limonata,San Pellegrino,7.8
france,5449000240668,Fanta zero zuccheri,Fanta,0.10000000149012
france,5449000264756,Coca-Cola,Coca Cola,11.2
france,3660992012503,Pulpé Orange,Prix Mini,1.2
france,5449000291677,Fanta Shokata,Fanta,4.5
france,3760133823835,Limonade,Drakkar,8.2
france,17224871,Isis cola,Beutelsbacher,11.0
france,00075190,Sparkling Raspberry & Lemon,M&S,1.0
france,8712252683635,7-UP,7UP,61.0
france,8720256256151,Lemon Lime,Green Cola,0.0
france,5449000031624,Coca-Cola Orange,Coca-Cola,0.0
france,8018005974143,Antica ricetta Siciliana,Polara,8.5
france,54000797,Sprite,Sprite,0.0
france,8594008043876,Pepsi,Pepsi,11.0
france,3289196881014,Limonade d’antan,Vitamont,9.4
france,8002270206801,Aranciata,San Pellegrino,8.1
france,8018005000125,Arancia Rossa,Polara,11.0
france,3608330029370,Sun Cola Zero,,0.3
france,3800747001837,Pepsi max,Pepsi,0.0
france,5449000020000,CocaCola Zero Rosalía,Coca-Cola,0.0
france,3701264400250,Limonade de durance,,7.51
france,8002270476853,Sanpellegrino naturali limonata,San Pellegrino,8.0
france,3770007446121,Mad West Cola,,10.0
france,3770010975328,Limonade artisanale agrumes,,4.5
france,0120010185266,Orange Citron,Pulco,36.7
france,8002270686818,Limonata,San Pellegrino,8.0
france,8002270046889,Limonata,San Pellegrino,8.0
france,4750142004911,Pure lemon soda pop,,7.9000000953674
france,3760259624033,Aqui cola,,10.0
france,3760375420076,Cola & CBD,Divie,0.22
france,3770013801334,Paris Cola,,9.2
france,5000112626278,"Coca-Cola, zero sugar feature inspired flavour",Coca-Cola,0.0
france,7310070005038,Pespi max mango flavour,Pepsi,0.0
france,3168930170518,Pepsi 10% offert 12 x 33 cl,Pepsi,4.6
france,5449000252920,cokezero,coca-cola,0.0
france,3770000732368,Orangeade,UMÀ,5.1
france,0017993430554,Spritz,Venezzio,12.0
france,7640169270093,Limonade 2598 TONIC,Sembrancher,5.0
france,8719324547925,Immunityaid,,2.0
france,3551720205062,Limonade bio,Lorina,8.4
france,5449000307835,What the fanta 3 rose,Fanta,0.3
france,3551720204935,Diabolo menthe,Lorina,7.4
france,3770015983168,Limonade,,5.5
france,8509664214799,Coca cola sans sucres,,0.0
france,3249290000063,Jus de pomme,,7.9
france,8002270997617,Limonata,San Pellegrino,7.8
france,3256860206114,Limonade,,7.4
france,2550184805048,Limonade pétillante,,6.9
france,9001521003793,Immun,,2.4
france,4013595318357,Cola,,0.9
france,01032482,Bio cola,,7.7
france,35262671,Cola,Vitamont,6.5
france,3580288087698,Boisson gazeuse bio goût fraise,,7.4
france,8717399843003,Limonade sirop sinaasappel,,2.8
france,3257981359215,CORA PULPÉ,Cora,10.0
france,3257981997974,Limonade au sucre de canne,Nature Bio,9.5
france,3257983286182,Boisson gazéifiée aromatisée citron vert avec sucre et édulcorant,Cora,6.6
france,3257984370538,Soda Lemon,Cora,6.2
france,3257985325322,Saveur mojito,Cora,11.0
france,3258561300719,Mojito,Belle France,11.0
france,3258561300979,Tonic,Belle France,8.0
france,3258563300410,Limonade artisanale,Les Delices De Belle France,9.0
france,3258561300863,Cola Light,Belle France,0.5
france,3258561300955,Soda Citron,Belle France,9.4
france,3258561300993,Tonic,Belle France,8.0
france,3260221001393,Soda Québec Classic,,9.6
france,3263855091655,Cola,Leader Price,9.5
france,3263855091969,Cola 0%,Leader Price,0.5
france,3263855093574,Belkin - C Ble De Modem - RJ-11 (M) - RJ-11 (F) - 7.6 M - Blanc,Leader Price,8.9
france,3263855093598,Boisson gazeuse aux fruits saveur citron citron vert,Leader Price,9.0
france,3263855094960,Limonade traditionnelle,Franprix,8.0
france,3263857160113,Limonade,Leader Price,0.2
france,3263855092157,Cola light allégé en sucres,Leader Price,0.0
france,3263855093581,Boisson gazeuse aux fruits saveur mangue passion,Leader Price,8.6
france,3263855096339,Cola Stevia,Leader Price,6.5
france,3263857148616,Tonic,Leader Price,7.9
france,3263859284213,Lemon Lime - Saveur citron - citron vert,Leader Price,8.0
france,3271791000396,L'Ordinaire,L ordinaire,10.4
france,3271791524700,Vaval aux pamplemousses,Vaval,13.0
france,3270190005230,Fresh Tonic Soda avec sucre et édulcolorants,Carrefour,5.0
france,3271791539087,L'ordinaire,Cofrigo,10.4
france,3274080018645,Soda Orange,steff,0.3
france,3274490972582,Limonade au sucre de canne bio,,8.0
france,3278732202215,Coca-cola zéro,Coca-cola,0.0
france,3288191201506,Sega lontan,edena,11.5
france,3289196810069,Limonade Bio d'Antan,Vitamont,9.4
france,3290359601455,Cot Cola Classic 2L,Cot Cola,10.1
france,3290359901210,Limonade 2L,Cot,9.5
france,3292090141320,Fanta Exotique,Coca-Cola,6.5
france,3292090235760,Royal Soda Tonic,,9.0
france,3292482520030,Rième Limonade Mandarine (330ml Flasche),la mortuacienne,7.9
france,3292090000085,Arome orange,Fanta,6.4
france,3292090000320,Royal Soda Arôme Banane,Royal Soda,12.5
france,3292090000344,Royal Soda Ananas,Royal soda,13.0
france,3292090141481,Sprite Citron - Citron vert,,8.1
france,3292090236767,Royal Soda Tonic,Royal Soda,9.0
france,3292482380047,Pamplemousse rose,Mathilda,8.75
france,3330901220106,Malta Lorraine au gingembre,Lorraine,14.0
france,3334803443380,Indian Tonic,Schweppes,8.7
france,3334803551245,Pepsi,Pepsi,11.04
france,3348630001019,cocacola,coca-cola,10.6
france,3348630001101,Coca zero,Coca Cola,0.0
france,3359540000146,Guaraná ara,ara,10.8
france,3377430003008,Selecto,Selecto,10.2
france,3439495402513,Limonade,Gilbert,7.0
france,3468570601329,Limonade,,9.0
france,3484703000098,Breizh lim'l,Breizh Cola,8.6
france,3484705000034,Breizh lim',Breizh cola,8.6
france,3502110001900,"7UP Free saveur citron & citron vert 1,5 L",7UP,0.0
france,3502110002679,Mirinda Boisson gazeuse goût orange 2 L,Mirinda,7.0
france,3502110003096,Mirinda Boisson gazeuse goût pomme 2 L,Mirinda,12.8
france,3502110005489,Next - Boisson gazeuse rafraîchissante aux édulcorants et extraits naturels de végétaux,Pepsi,7.4
france,3502110005540,Pepsi Next (+1 boîte gratuite),Pepsi,7.4
france,3502110006264,7UP saveur mojito citron vert & menthe 33 cl,7UP,7.0
france,3502110008220,7up Mojito Free,7up,0.0
france,3502110008336,"Pepsi format familial lot de 2 x 1,5 L",Pepsi,4.6
france,3502110009272,Lemon Citronnade Gazeuse,7up,4.4
france,3502110000880,Pepsi 2 L,Pepsi,10.9
france,3502110003478,Mirinda Boisson gazeuse goût framboise 2 L,Mirinda,14.5
france,3502110008329,"Pepsi 1,5L",Pepsi,4.6
france,3502110009159,Pepsi max ginger,Pepsi,0.0
france,3502110010032,7UP saveur citron & citron vert 1 L,Seven Up,4.6
france,3502110010506,"7UP saveur mojito citron vert & menthe 5 x 1,5 L + 1 offerte",7UP,7.0
france,3546530003526,Paris Cola,Paris Cola,10.9
france,3551720023109,Limonade Lorina Agrumes,Lorina,11.0
france,3551720028814,Pack Limonade Artisanale,Lorina,9.0
france,3560070692453,Limonade Zestée,Carrefour,7.0
france,3560070692729,Cola,Carrefour,0.0
france,3560070790883,Diabolo saveur exotique aux arômes naturels Carrefour Kids,CARREFOUR KIDS,9.0
france,3560070794836,Cola saveur cherry,Carrefour,7.4
france,3564700027561,Pulp orange,Marque Repère,10.0
france,3564700510728,Jean's cola zero,Jean's,0.0
france,3564700663820,Boisson gazeuse citron / citron vert,Loëlla,0.5
france,3564700814260,Diabolo grenadine,Sprink's,7.3
france,3564700813621,Lemon,Marque Repere,8.4
france,3564700829622,Soda lemon lime zéro,Sprink’s,0.0
france,3564700886281,Cola zero lime,Jean's,0.5
france,3580283530021,Limonade goût citron bio à l'eau de source,AGIDRA,8.4
france,3582740001105,Cola'rdeche,Cola'rdeche,9.3
france,3585260401059,Limonade,La Gosse,9.0
france,3585260710045,Limonade,La Gosse,8.0
france,3590590085008,Limonade Artisanale,Finesse des Vergers,7.2
france,3596710355402,Tonic,,8.7
france,3660992010110,Limonade,Bien vu ,0.0
france,3700271000699,Tropico,Tropico,12.0
france,3760045170089,Limonade artisanale Fruit de la Passion,Elixia,7.2
france,3760043802029,Limonade Artisanale Citron Vert,Le Père Defrance,9.1
france,3760043802074,Limonade Bio Griotte,Le Père Defrance,0.0
france,3760045175039,Limonade artisanale,Elixia,7.2
france,3760045175121,Cola Artisanal,ELIXIA,7.2
france,3760065700198,La délicieuse limonade artisanale,Brasserie D'olt,5.4
france,3760079798518,Pomme,Capri-Sun,9.6
france,3760126830871,Coca cola zero,Coca Cola,0.0
france,3760126830079,Coca cola original,Coca-Cola,10.6
france,3760126830901,Coca cola,Coke,10.6
france,3760149510095,BionéO Orange,BionéO,7.0
france,3760157210116,Beauce Cola,Beauce Cola,10.0
france,3760188860076,Truc de fou,Truc de fou,3.6
france,3760228290115,Landes Cola,,9.6000003814697
france,3760251180063,Tahitian Lime,SIPCT,9.3
france,3760251180087,Orange,Brasserie du Pacifique,12.6
france,3760271630029,Zam Zam Orange,Zam Zam,11.6
france,3770004748020,Black tea bergamot lemon,Russia Cola,7.5
france,3770005715274,Limonade,,7.7
france,3770004761241,Limonade artisanale de Lozere,Les Brasseurs de la Jonte,6.93
france,4002968001651,Orange fit,Tönissteiner,0.9
france,4012824600232,"Yogi Tea Yogitea Hibiskus Minze, 0,33 L",Yogi Tea,3.2
france,4014472020967,Boisson rafraîchissante bio sans alcool - Sureau,BIONADE,5.0
france,4019424051983,"Aloisius Quelle Apfelschorle, Apfelschorle",Aloisius Quelle,5.1
france,4048517623356,Limo pamplemousse rose + cranberry,Granini,9.1
france,4060800100573,7 Up,7 up,10.4
france,4060800162823,Zero azúcar refresco de cola a la lima,Pepsi,0.0
france,4060800163660,Pepsi cola,Pepsi,10.7
france,4060800163714,Pepsi MAX,Pepsi,0.0
france,4060800166531,Pepsi Cola - Cherry 2L,Pepsi,0.0
france,4060800171092,"7up, free, soft drink, mojito",7up,0.0
france,4060800175977,7up,7up,7.0
france,4062400862509,Paloma Lemonade,,11.0
france,4060800103307,Pepsi max,Pepsico,0.0
france,4060800125255,Slam aranciata,Pepsi,11.9
france,42191339,Cola-Mix,River,8.7
france,42256786,Ginger Ale,Freeway,8.4
france,42231165,Ganic vitamin water,Ganic,4.6
france,42256779,Original Tonic Water,Freeway,8.0
france,4388441337852,Limonata al limone,San Fabio,10.8
france,45191732,Honey Lemongina,Orangina,11.8
france,4311596436088,"Gut & Günstig, Cola Mix",Gut & Günstig,10.0
france,4630001590895,Limonade Citron Vert Et Menthe Ascania,Ascania premium,10.5
france,4794218310070,Cola La Loère,La Loère,8.9
france,4630001590086,Limonade Poire à base d'eau de montagne,Ascania,11.0
france,4630001590871,Limonade Fraise,Ascania Premium,12.0
france,5000112524543,Coca Cola,Coca-Cola,10.8
france,5000112535006,Coca-Cola,Coca-Cola,10.6
france,5000112544633,Cola Regular - Coca-cola - 1.5 Liters,Coca-Cola,10.6
france,5000112548167,Coca Cola light,Coca Cola,0.0
france,5000112552157,Coca-Cola Zero,Coca Cola Company,0.0
france,5000112559644,Coca Cola Regular,Coca-Cola,10.6
france,5000112600636,Coca-Cola Light,Coca-Cola,0.0
france,5000112609592,Coca-Cola goût original,Coca-Cola,10.6
france,5000112609615,Coca-Cola,Coca-Cola,10.6
france,5000112610659,Coca-Cola Life (Bon Plan),Coca-Cola,5.0
france,5000112619959,Coca-Cola,Coca-Cola,10.6
france,5000112620009,Coca-Cola Zero Sucres,The Coca-Cola Company,0.0
france,5000112631029,Coca-cola,Coca-Cola,10.8
france,5000112634648,Coca-Cola Zéro,Coca-Cola,0.0
france,5000177480716,Ginger Beer Soda,Old Jamaica,15.2
france,5000112530520,Fanta Orange (Offre Economique),Fanta,9.6
france,5000112532289,Fanta citron frappé,Fanta,6.3
france,5000112545340,,Coca-Cola,0.0
france,5000112559071,Sprite (pack professionnel),Sprite,6.6
france,5000112599220,Coca-Cola Collector 2013,Coca Cola,10.6
france,5000112609547,Coca-Cola Zero,Coca-Cola,0.0
france,5000112609684,Coca-Cola original taste,Coca-Cola,10.6
france,5000112624854,Coca cola,Coca,10.6
france,5000112630794,Coca-cola,Coca-Cola,10.6
france,5000112631067,"Coca cola zero sucres 1,5l",Coca-Cola,0.0
france,5000112631722,Fanta orange,Fanta,6.5
france,5000112632286,Coca cola zero,Coca-Cola,0.0
france,5000177481775,Ginger Beer Soda,Old Jamaica,15.2
france,50193622,Slimline Tonic Water,Schweppes,0.0
france,5010438130397,Sparklin fruit flavour drink,Vimto,13.6
france,5010893370413,Diet lemonade,,0.5
france,5029212780338,Hot Ginger Beer,Luscombe,8.5
france,5029396000888,Premium Indian tonic water,Fentimans,7.7
france,5029578000200,Ginger Beer with Fiery Jamaican Root Ginger,Old Jamaica,16.0
france,5011835102260,Organic Sparkling Cranberry,Whole Earth,6.5
france,5029366739015,Rose Lemonade,Fentimans,9.6
france,8410055071023,Fonter  burbujas mediteraneas,Fonter,3.3
france,5449000265043,Coca-Cola Zero Energy,Coca-Cola,0.0
france,5449000267740,Light Taste Exotic Mango,Coca-Cola,0.0
france,4000140070105,,Schweppes,12.1
france,20075361,Limonada de fresa,Solevita,5.4
france,3564706504653,Tonic,Marque Repère,7.8
france,5000112639407,Coca-Cola Cherry zero,Coca-Cola,0.0
france,3256860722027,LINESS limonade 6x125,Liness,9.0
france,5449000123916,Fanta,Fanta,6.4
france,3257986025467,Cola saveur cerise,Cora,8.4
france,0647613012411,Sparkling lemonade,Lorina,9.0
france,3760255150444,La limonade mona,Appie,5.4
france,20916039,Gelatelli cola,Gelatelli,22.4
france,3258561301747,Le réflexe Bio Limonade,Belle France,7.4
france,3257986024859,Cola zero sucres sans caféine,Cora,0.0
france,3350031887505,Limonade Zéro de citron,Monoprix,0.2
france,3560071225056,Cola,Carrefour,7.9
france,8001160005111,Green Ice tea Matcha,Lipton,3.5
france,3560070825172,Saveur citron,Carrefour,4.3
france,5449000230089,Fanta pomme,Fanta,7.3
france,5449000269423,Fanta lemon zero,Fanta,0.0
france,0049000078374,Fanta cherry,Fanta,11.04
france,0012000028625,Mtn Dew Voltage,Mountain Dew,12.8596
france,4000140709333,Schweppes agrumes,Schweppes,10.3
france,20190330,Energy Drink  (Freeway),Lidl,0.0
france,3551720042889,Limonade,Lorina,8.0
france,3258561300740,Pulpé Orange 4 x 50cl,Belle France,10.4
france,3249290442610,Limonade Bio,,7.4
france,0897351000878,"Organic Energy Drink, Black Cherry",,8.2452431289641
france,5000112548341,Sprite  getränk,Sprite,8.0
france,00114936,Indian Tonic Water,By Sainsbury's,4.8
france,00133401,Freshly squeezed still pink grapefruit lemonade,Marks & Spencer,7.4
france,00117449,Freshly Squeezed Still Lemonade,Marks & Spencer,8.9
france,0041508511612,Sanpellecrino Orange Sanguine,San Pellegrino,10.0
france,0048500021545,Drinks,Tropicana,10.422535211268
france,0069000050569,Mtn Dew,Mtn Dew,13.0
france,0070847031116,"Rehab tea + dragon fruit + energy drink, tea + dragon fruit",Monster Energy Company,1.67
france,0074601176457,Carbonated Soft Drink,,9.5
france,0078000013283,Orange soda,Keurig Dr Pepper,12.013536379019
france,0088009320633,Orangina original,Orangina,9.5
france,0088009770636,Coca cola zero,Coca-Cola,0.0
france,0088009770728,Coca cola zero sucre,Coca-Cola,0.0
france,0088009900149,Coca Cola Life 500ml,Coca-Cola,6.6
france,0088009110630,coca cola,Coca-Cola,10.6
france,0090478410012,Mandarin Natural Flavour Soda,Jarritos,10.0
france,0090478410159,Mexican Cola,Jarritos,9.46
france,0098794000269,Root Beer,,10.704225352113
france,03846995,Soda artisanal,,8.7
france,0610764181183,Black cherry vanilla energy drink,,0.0
france,0611508171460,Resident Evil T-virus Antidote 24 Count,,27.0
france,0613008739119,Strawberry Lemonade with Fruit Juice & Honey,Arizona,4.8
france,0611269546019,Energy drink,Red bull,10.83
france,06203315,Canada Dry Ginger Ale,Canada Dry,10.0
france,0647613000388,BLOOD Orange,Lorina,27.0
france,0647613009428,"Lorina, sparkling soda, coconut-lime, coconut-lime",Geyer Freres,9.58
france,0657968290938,Pacha drink mojito,Pacha,4.9
france,0721094199707,Ginger Beer,Goslings,13.239436619718
france,0812704000602,"Jolly rancher, flavored soda, strawberry",,10.83
france,1302371810004,Dryck Paskmust,Ikea,9.3
france,2000000003783,Moyen Coca-Cola®,Mcdonald's,11.0
france,2000000003784,Coca Cola Zero (40cl),Mcdonald's,0.0
france,20023010,Cola,Freeway,10.9
france,20044800,Shortcake,Freeway,39.58
france,20072353,Classic energy drink,Mixxed Up,9.6
france,20047146,Lemon Boisson gazeuse aromatisée,Freeway,10.3
france,2023790999994,Soda goût Citron-Citron Vert,hema,10.1
france,20514747,Cola,Freeway,10.2
france,21019968,Citron Zero - Boisson rafraîchissante aux arômes citron,River,0.0
france,22160553,Waldmeister,rio d'oro,9.5
france,2484715333000,Breizh Cola,Phare Ouest,10.6
france,26003207,Orange à la pulpe,River,9.0
france,26003122,Grenadine,River,7.4
france,26003807,Orange à la pulpe,River,10.0
france,27003244,Cola River,river,11.0
france,27009345,Cola Zero,River,0.5
france,27084984,Icebtea,,0.0
france,3006214627177,Limonade,Lorina,7.5
france,3048431005260,Ricqles Menthol Soda,Ricqles,7.0
france,3057640189708,Taillefine Fiz Fruits Rouges,Taillefine,0.6
france,3057640217913,Fiz Citron Vert,Taillefine,0.5
france,3092718617417,Lemonade,Whites,3.9
france,3119780064359,Limonade,,7.8
france,3119070050000,SOWEST Le cola des Pyrénées,SoWest,10.6
france,3120580854255,Limonade,,8.0
france,3124480000576,Indian Tonic Schweppes,Schweppes,5.8
france,3124480002167,Schweppes lemon,Schweppes,6.2
france,3124480002594,Schweppes Agrum',SCWEPPES,5.7
france,3124480002716,Schweppes Agrum' Zero,Schweppes,0.3
france,3124480002730,Schweppes Agrum' Zero ,Schweppes,0.3
france,3124480071200,Gini,Gini,5.3
france,3124480151490,Indian Tonic,Schweppes,5.7
france,3124480169051,Orangina,Orangina,9.6
france,3124480180872,Orangina Miss O! Passion,Orangina,1.2
france,3124480182135,Schweppes Framboise,Schweppes,6.0
france,3124480182722,Indian Tonic,Schweppes,5.8
france,3124480182746,Tonic Indian,Schweppes,5.8
france,3124480184764,Virgin Mojito,Schweppes,9.3
france,3124480188960,Schweppes virgin mojito,Schweppes,9.3
france,3124488184995,Virgin Mojito,Schweppes,9.3
france,3124480001184,Schweppes Zéro,Schweppes,0.0
france,3124480001276,Schweppes Zéro,Schweppes,0.0
france,3124480072016,Gini Zero sugars,Gini,0.1
france,3124480171443,Schweppes Dark Side Premium Cola,Schweppes,6.4
france,3124480183491,"Orangina  1,5l",Orangina,10.0
france,3124480186904,Schweppes zéro Indian Tonic,Schweppes,0.0
france,3124480186928,Indian tonic,Schweppes,5.8
france,3124480188700,Pulco fines bulles citron & citron vert,Pulco,4.2
france,7617500194707,Limonade citron,Migros bio,9.0
france,7702090003963,Bebida refrescante,La Colombiana,7.2
france,7804638040154,Soda,,7.3
france,8000845800072,Crodino,ECM SPA - MILANO ITALIA,15.0
france,8001620004029,San Benedetto Green Tea with Aloé Vera,San Benedetto,6.8
france,8002270346583,Sanpellegrino-chinotto With Myrtle-330ml-italy,San Pellegrino,10.0
france,8002270706523,Blood Orange,San Pellegrino,4.9
france,8002270956478,Chinò,San Pellegrino,9.9
france,8002270296475,Sanpellegrino Aranciata Rossa,San Pellegrino,10.0
france,8002270386565,aranciata rodsa,San Pellegrino,10.0
france,8002270906572,La limonata,San Pellegrino,8.7
france,8004672000025,"Paoletti 0,25LT Gassosa-sitr-soodav",Paoletti,10.0
france,8014396001697,Schweps tonic,Schweppes,8.9
france,80145424,Oran Soda,Oran-Soda,12.0
france,8033976671914,Baladin Cola,Gusto Italiano,11.0
france,8056736060049,J. Gasco indian tonic,,8.0
france,8410261626802,Limonada natural light,Don Simón,5.6
france,8410408050361,Refresco de limón,Kas,4.4
france,8414100304753,Tónica Zero,Schweppes,0.0
france,8414100314646,Tonic Water,Schweppes,8.4
france,8414100244059,Tónica original,Schweppes,7.8
france,8435185944153,Citrus mix,Schweppes,7.2
france,8435185955463,Original,Orangina,8.9
france,8446426131836,Coca Cola Zero,Coca-Cola,0.0
france,8480013234067,Naranja sin gas y sin azucares,Spar,0.7
france,8712100878923,Thé Glacé Pétillant Agrumes,Lipton,5.5
france,8717700002402,Free,7 Up,0.0
france,8718612000791,Arizona Cowboy Cocktail Watermelon,Arizona,4.8
france,8718858610662,"Cassis, açaï et menthe",Charlie's Natural Soda,8.0
france,87170726,"7up, free, flavoured soft drink with sweeteners, lemon and lime",,0.0
france,8850389106433,Mogu Mogu,Sappé,11.0
france,9009700308233,Vöslauer Balance Juicy Mango-Pfirsich,Vöslauer,3.0
france,9015160109907,Almdudler Original,Almdudler,7.9
france,90494758,The Glacé,Nestea,4.5
france,90495670,Limon & nada,Minute Maid,13.0
france,90494581,Dr Pepper,Dr. Pepper,4.3
france,9311493000608,Root beer,Bundaberg,12.4
france,9421902090028,Cola Fairtrade,,9.6
france,9501046001088,Bonbon Anglais,Caprice,7.7
france,20028350,Freeway Cola,Lidl,0.4
france,5949000507032,pepsi wild cherry,pepsi,0.0
france,5000112609790,Coca-cola boite 33clx10 frigo pack masterbrand,Coca-Cola,10.6
france,8411395533783,Tónica premium floral botanicals pink,Sou Tonic,9.0
france,3257980698216,Soda Citron,Cora,7.5
france,5449000226068,Coca Zéro,Coca-cola,0.0
france,7862113550048,Fresa,Tropical,7.9000000953674
france,52018329,pepsi,Pepsi,10.9
france,0041130210624,Caffeine free club soda,,0.0
france,8002270072932,Aranciata,San Pellegrino,7.7878787878788
france,4901340689213,Calpis Soda Water,Calpis,11.0
france,3760259621605,Le tonic,,8.5
france,5000112630398,Coca cola peche,Coca-Cola,1.0
france,20514976,Freeway Orange,Lidl,9.2
france,0817793020074,Sloe lemonade,,30.0
france,5449000195517,Coca cola zéro cherry,Coca-Cola,0.0
france,5000112634761,Soda,Coca-Cola,27.0
france,5449000064110,,Schweppes,42.0
france,8428148459184,Coca cola,Coca-Cola,10.6
france,0088009110418,Coke,Coca-Cola,10.6
france,0067000110573,Zero Sugar Lemon-Lime Soda,Sprite,0.0
france,3348630000708,Coca cola,Coca-Cola,10.6
france,5000382102496,Irn-Bru Xtra,Irn-Bru,0.0
france,4060800149244,Refresco Pepsi 2'25 Litros,Pepsi,0.0
france,5902860411208,Schweppes indian tonic,Schweppes,0.0
france,8000845999974,Pelmo-soda Grapefruit Soda,,11.0
france,3124480173430,Orangina Samouraï citron,Orangina,8.2
france,4100590154506,Big Apple,Coca-Cola,5.9
france,0048500202678,Lemonade juice,Tropicana,10.0
france,5449000239662,coca cola zero sugar,Coca-Cola,0.0
france,5400514410008,Tao Green tea,,4.0
france,5949000505250,Mirinda Portocale,Mirinda,7.8
france,0627843436430,Racinette Rootbeer,,11.0
france,3350033215726,Cola classique,Monoprix,6.5
france,5000382034919,Sparkling Fruit Punch,KA,4.6
france,2935408699991,Vitamin lemonade,Hema,4.7
france,3256227093111,Cola classic,U,7.2
france,01229707,MTN DEW - (1 Liter),Mountain Dew,12.962128043282
france,8480017438911,Gaseosa,Dia,0.2
france,5601151421550,B!  Limonada,,2.6
france,50411887,Tango Orange,Britvic,4.2
france,5949000506547,Pepsi,Pepsi,0.0
france,3124480493675,Schweppes agrumes,Schweppes,5.7
france,5449000185358,Coca-Cola zéro sucres,Coca-Cola Company,0.0
france,3266810641636,Coca cola zero sucre,Coca-Cola,10.6
france,42143734,"Limonade, Orange",Freeway,9.2
france,0012000110467,Kickstart,Mountain dew,4.1666666666667
france,3439497019108,Limonade,Rochambeau,7.0
france,8572720012622,Limonade,Lorina,7.4000000953674
france,3258561301778,Diabolo grenadine,Belle France,7.6
france,8055965021029,Aranciata Rossa,Macario,12.0
france,3770009150040,Limonade,,9.1
france,3760009534223,Lim'o,,8.9
france,3760126831465,Coca cola zéro sans sucre,Coca-Cola,0.0
france,3585260000351,Limonade banane verte,La Gosse,9.0
france,8002270186622,Sanpellegrino pesca tea,San Pellegrino,4.6
france,4104760031000,Limonade,,7.7
france,5449000229083,Fanta saveur Mangue Fruit du Dragon,Fanta,6.1
france,3484700007960,Breizh Cola light,Breizh Cola,0.0
france,5449000267443,Coca-Cola Vanille,Coca-Cola,10.6
france,5449000053909,Coca-cola diet (UK),Coca-Cola,0.0
france,8007885904845,Bio Cola,Galvanina,10.5
france,8713500025207,,Hero,6.5
france,87177350,7 Up Lemon-lime (diet),7 up,0.0
france,5000112630497,Mini coca zéro sucre,Coca-Cola,0.0
france,5449000241214,Coca-Cola,Coca-Cola,10.6
france,3551720206311,Limonade sans sucres,Lorina,0.1
france,5449000011527,Fanta Orange - 330ml,Fanta,13.2
france,6928804022537,Coca Cola pêche Blanche,Coca-Cola,10.3
france,5449000028921,Coca-Cola,Coca-Cola,10.6
france,3124480184337,Orangina,Orangina,9.8
france,3168930161769,7up,7up,0.0
france,5449000000286,Coca Cola 2l,Coca-Cola,10.6
france,5449000304520,Coca-Cola Sans sucres Sans caféine,Coca-Cola,0.0
france,5449000000439,Coca Cola Original taste,Coca-Cola,10.6
france,5449000050939,Sprite,Sprite,1.9
france,8690093001439,Chill Bleu Hawai,,9.55
france,5000112547412,Coca-Cola,Coca-Cola Company,10.6
france,0762571500043,Freez Citron Gingembre,Freezmix,7.0
france,5449000214911,Coca-Cola,Coca-Cola,10.6
france,5740700996153,Fanta - Exotic,Fanta,13.2
france,5449000009067,Coca Cola Regular 2L,Coca-Cola,10.6
france,3124480157300,Schweppes lemon,Schweppes,5.6
france,8002270316531,SANPELLEGRINO Boisson pétillante au jus d'orange sanguine 33cl,San Pellegrino,8.0
france,0090478000923,Jarritos Guava,Jarritos,9.3999996185303
france,5060108450003,Premium Indian Tonic,Fever-Tree,7.4
france,54490703,"Coca-Cola Classic 0,33l",COCA-COLA EUROPEAN PARTNERS NORGE A,10.6
france,8435185101112,Orangina et sa Pulpe !,Orangina,9.8
france,5060108450386,Premium Ginger Beer,CUVECO AS,10.2
france,5000112633801,Sprite Light,COCA-COLA EUROPEAN PARTNERS NORGE A,0.0
france,8719128117249,Pepsi Max Getränkesirup,Clas Ohlson,0.0
france,5060108450348,Premium Ginger Beer,Multibev,10.2
france,8002270074288,SANPELLEGRINO ARANCIATA,Multibev as c/o cuveco as,7.8
france,90375408,"Coca-Cola Zero 0,33l",COCA-COLA EUROPEAN PARTNERS NORGE A,0.0
france,5415270100322,Kidibul - Boisson pétillante à base de jus de pomme,Néobulles,9.5
france,5010102100015,Dr pepper reg,Dr pepper,4.24
france,3596710355327,Limonade zéro à l'arôme naturel,Auchan,0.5
france,4001568200518,Vitamalz Malzbier,Vitamalz,7.9
france,3596710089970,Cola,Auchan,0.5
france,8002270366475,SANPELLEGRINO boisson pétillante au jus de citron 6 x 33cl,San Pellegrino,7.8
france,5449000155306,Fanta Orange,Fanta,0.8
france,8431876162769,LIMONADE Aux citrons pressé,Carrefour,11.0
france,3250390579014,Cola Light,Look cola,0.5
france,6111252420035,Pepsi 1L,Pepsi,11.0
france,3551720033665,Lorina mojito,Lorina,6.6
france,8018005827012,Aranciata,Polara,11.7
france,3564709000114,Limonade RIEME,Nos régions ont du talent,8.0
france,3760043710089,Limonade,,7.8
france,3257980698162,Pulpé,Cora,9.4
france,9002490100490,Red Bull,Red Bull,11.0
france,4860001120437,Natakhtari,,11.8
france,0070847020905,Ultra sunrise energy drink,Monster Energy,0.0
france,3551720204904,Limonade artisanale,Lorina,0.1
france,4335619032163,Boisson à l'orange,Solevita,7.1
france,5000112659610,,Fanta,10.9
france,3573470007017,Tonic,La Rouget de Lisle,7.9
france,5449000051547,Coca-Cola Original Taste,Coca Cola,10.6
france,50193363,Joules Gift Set,Joules,4.9
france,3057640376498,"Volvic Tee Pfirsich 1,5 L EW",Danone,3.8
france,8017596005014,,Blues,6.0
france,3258561300849,Cola,Belle France,10.8
france,5201156039653,Pepsi max zéro  sucre,,0.0
france,0079581184041,Paradise Punch Lemonade,Calypso,11.83932
france,3124480072009,Gini Lemon,Orangina Schweppes France,5.3
france,3760133823378,Fresh Agrum,LIMOUZI,8.9
france,40608754,"Pepsi, Nouveau goût !",Pepsi,10.4
france,07020254,Root Beer,A&W,0.0
france,3124480186850,schweppes Indian tonic,Schweppes,5.8
france,3290353013155,Cot citron,Chan Ou Teung,9.5
france,5449000083142,Fanta tropical exotic,Fanta,10.1
france,5449000137357,Coca cola zero® frigo pack,COCA-COLA,0.0
france,5449000151735,Vitaminwater Defence Himbeere Apfel,Vitaminwater,3.0
france,5449000017895,Coca Cola light,Coca-Cola,0.0
france,0000102081301,Coca cola,Coca-Cola,1.0
france,4002846034603,Mio Mio Mate Ginger,Mio Mio,6.4
france,3596710390434,"TUB IGLOO Goûts orange, cola, fraise, citron, menthe",Auchan,15.0
france,8002270346507,SAN PELLEGRINO Boisson pétillante au jus d'orange 33cl,San Pellegrino,7.8
france,8018005301246,Cedrata,Polara,12.0
france,5449000053213,Mezzo Mix (coca-cola) - 1.5 L,Mezzo Mix,10.5
france,7891991012867,Guarana Antarctica,,10.0
france,3596710740895,Soda citron,Pouce,0.5
france,3660992012510,Limonade à l'arôme naturel de citron avec édulcorant,Prix Mini,0.5
france,3760039986214,Sorbet plein fruit framboise sorbet plein fruit fruit de la passion,L'Angélys,24.0
france,5740700987984,Fanta - Straberry & Kiwi,Fanta,10.2
france,3256860700407,Pom'de Lisbeth,Lisbeth,5.6
france,00802857,Ginger limonade,Marks & Spencer,7.9000000953674
france,3124480186881,Schweppes pomme,Schweppes,5.6
france,5449000133335,Coca Cola Zero Sugar,Coca-Cola,0.0
france,5000112611762,Coca-Cola® Sans sucres,Coke ZÉRO®,0.0
france,3564700460887,Jean's Pure sensation cola zéro,Jean's,0.0
france,3502110008039,Pepsi Zéro sucres 2 L maxi format,Pepsi,0.0
france,3057640457913,Volvic Aro Erdbeere 75cl PET,Volvic,4.6
france,5022019010110,Boisson petillante Belvoir Fleur de Surea,Belvoir Fruit Farms,7.8
france,4005906002789,"Apfel Orange Mit Maracuja, Apfel Orange Mit Maracu...",Adelholzener,7.2
france,8017870000193,Plose Limonata,Plose,10.6
france,3760270910504,Limonade Bio,La Furieuse bio,7.0
france,4260231222152,Root Beer,tem's,13.4
france,3551720205055,Limonade sans sucres,LORINA,0.1
france,3249290032262,PUMA Cola,Puma,0.06
france,3502110009357,Pepsi Max,PepsiCo,0.0
france,3760240690740,LIMONADE ARTISANALE DU PAYS ROCHELAIS,,1.0
france,5449000052926,Fanta orange 1.5l,Fanta,11.7
france,3551720040038,Citron et concombre,,3.9
france,8801069411255,Sparkling Melon & Cream,Chupa Chups,11.9
france,4008287910353,Krombacher's Fassbrause schwarze Johannisbeere,Krombacher,6.7
france,87170146,Pepsi Max,Pepsi,0.0
france,5449000281524,Tropico,Tropico,10.0
france,8002270816475,Naranjada con gas,San Pellegrino,8.7
france,3057640406423,Volvic Aro Zitrone-Limette 75cl PET,Volvic,4.9
france,3057640423178,Volvic Juicy Grapefruit 50cl PET,Volvic,4.4
france,8437002786014,"Andin's cristal, bebida refrescante peruana aromatizada con azúcar y edulcorantes",América,4.9
france,3770008260481,Jus de petit cola,,0.85
france,4002208017510,Fassbrause Orange,Gaffel,4.5
france,50107438,IRN BRU,Barr,4.5
france,8050327350328,Mojito soda,CRODO,12.0
france,0611269991000,Original Energy Drink,Red Bull,10.8
france,3124480184320,Orangina,Orangina,9.6
france,8010795000774,la nostra limonata BIO con limoni di Sicilia,Scaldasole,7.2
france,4000140700149,Tonic Water,Schweppes,8.9
france,8718858615162,Premium Indian Tonic,,4.9
france,6130695111393,Selecto Hamoud boualem 2ل,Hamoud Boualem,10.2
france,5601151968604,Sumol orange,Sumol,3.1
france,3560071421441,Cola,CARREFOUR,8.4
france,8850389116487,Mogu Mogu,SAPPÉ,10.9375
france,3502110003492,Mirinda Boisson gazeuse goût citron 2 L,Pepsico,11.7
france,0079581184058,Island wave limonade,Calypso,12.050739957717
france,3057640503528,"Volvic essence Gurke-Minze-Basilikum 0,75L",Volvic,0.0
france,3057640539923,"Volvic Limotion Grapefruit 0,9L EW",Volvic,4.2
france,3057640529788,"Volvic Bio Coffee mit Mocca- & Zitronengeschmack 0,75L EW",Volvic,2.3
france,3174780000363,,Coca cola,10.6
france,5449000239785,Mini coca cola zero sucres,Coca-Cola,0.0
france,3760121211637,Limonade bouteille réemployable,Biocoop,8.1
france,5060108450287,Ginger Ale,Fever-tree,7.9
france,4902494008004,Hata Ramune Soda,Hatakosen,9.5
france,87177756,7up,7up,4.6
france,3124480185020,Orangina zéro,Orangina,0.5
france,3826389111628,Mogu Mogu - Melon flavor drink,Mogu Mogu,12.0
france,5449000148445,Tonic water,Schweppes,8.9
france,3596710405060,Cola Classic,Auchan,8.4
france,3596710431939,Soda Lemon limeGoût citron et citron vert,Auchan,7.4
france,3254560601680,Tonic,Auchan,7.3
france,3596710431946,"Soda Mojito sans alcoolGoût citron, citron vert et menthe",Auchan,9.0
france,3596710322381,Cola Classic,Auchan,8.4
france,8050327350045,Oran soda,Terme di Crodo - Royal Unibrew,9.5
france,8850389111352,Mogu mogu,Sappe Public Company Limited,12.0
france,5029396322782,Curiosity Cola,Fentimans,7.8
france,5449000092861,Coca cola,Coca-Cola,10.6
france,5310043000284,Prilepska GAZOZA,,10.0
france,4260178730123,Bio Limonade Rhabarber,Proviant,6.9
france,3290352015334,Cot ananas,COT,8.5
france,0025000040887,Simply Limeade,Simply Beverages,11.67
france,0025000044984,Simply lemonade,Simply Beverages,9.5833333333333
france,5060108450515,Mediterranean Tonic Water,Fever-tree,7.4
france,5057753325442,No Added Sugar Double Strength Orange Squash,Tesco,0.1
france,8010335020033,chin8,neriI.B.G.,11.6
france,5449000050229,Coca-cola light 2L,Coca-cola,0.0
france,8717700001009,7up,Seven up,7.0
france,3124480001429,Schweppes zéro Indian Tonic,Schweppes,0.0
france,3256860703514,Elsass Cola,Elsass Cola,9.4
france,3289196810045,Cola équitable sans caféine,Vitamont,9.6999998092651
france,3770004173792,Euskola Original,EUSKOLA,9.0
france,5410188033663,Pepsi max,Pepsi,0.0
france,5410188033731,Pepsi Max Lemon,Pepsi,0.0
france,5942045330191,Нектар от портокал и манго,Granini,10.0
france,5400119513371,Lemonade,Delhaize,6.9
france,3279068000193,King tamarin,King,11.2
france,5449000008763,Fanta Laranja,Fanta,7.8
france,5449000142573,Limon & nada,Minute Maid,13.0
france,5449000245199,Fanta saveur mangue et fruit du dragon,Fanta,6.1
france,3760065700907,La limonade délicieuse,Brasserie d olt,5.4
france,3560070824441,Limonade à l'arôme naturel de citron,PRODUITS BLANCS,0.0
france,7640150491001,El Tony Mate,El Tony,5.8
france,8809005029571,Sparkling Plum,SFC Bio,14.6
france,20286767,freeway tonic,Freeway,8.9
france,8888196185013,Natsbee Honey Lemon,Pokka,8.0
france,3770004509287,Limonade Bio,Leamo,5.539999961853
france,5601151976807,Pepsi-cola (diet)-330ml-max Zero Aããcar Uef-portugal,Pepsi,0.0
france,5060108450225,,Fever-Tree,2.9
france,3274490970571,Cassis basilic menthe,Fizz,4.6
france,5449000099976,Sprite ice cube,Sprite,4.6
france,0079581184102,Grapeberry Lemonade,Calypso,11.0
france,5022019060115,Freshly Squeezed Lemonade,,7.98
france,6212201061016,Diet pepsi,Pepsi,0.0
france,19452593,Diabolo,River,7.4
france,8002200170950,Sparkling Coffee,Kimbo,10.0
france,8606003340536,Pepsi cola zero,Pepsi,0.1
france,8435185962379,Orangina zero,Orangina,1.2
france,5410188033847,Seven up free,7up,0.5
france,3760043800261,Limonade,,9.1
france,5285000320388,7up,7up,11.0
france,5400247061751,Soda Orange,Winny,0.0
france,5400514321045,Mister lemon,Bionina,12.0
france,5410221501111,Indian tonic,Schweppes,9.0
france,6111243860994,Ice tonic,,0.0
france,8002270146527,San Pellegrino Sparkling Limonata,San Pellegrino,4.7
france,90492969,Kinley Ginger Ale,Kinley,6.5
france,90494055,Fanta Mango,Fanta,9.8
france,4060800107008,Seven Up,Seven up,7.0
france,3564800814269,Diabolo grenadine Sprink's,,9.2
france,4056489005599,Freeway Cola,freeway cola,4.8
france,87126815,Fanta Fanta Grape Big Buddy 1Ea 500 ML,Fanta,8.4
france,5449000042156,Fanta Fruit Twist,Fanta,4.8
france,80335412,Brasilena,Calabria acqua minerale,11.1
france,8002270086663,Clementina,San Pellegrino,8.9
france,8057192001010,Oran Soda,Terme di Crodo,9.5
france,8023701021893,Bergotto,La Spina Santa,9.45
france,3245412730252,Pulp' saveur orangelight,Carrefour,1.4
france,80141136,Siesta Lemon,Romanella,10.4
france,5000112564044,Fanta lemon,Fanta,11.4
france,8054377870249,Molecola senza zucchero,Molecola,0.0
france,8014396001475,Schweppws gusto agrumi,Schweppes,10.6
france,5449000020697,Cola light,Coca-Cola,0.0
france,5352201084217,Pepsi Max,Pepsi Max,0.0
france,3770025833170,Limonade la templière,,5.4
france,0011152225616,Ramune Melon,Kimura,10.0
france,0012000808593,Ting grapefruit soda,Pepsi-Cola Jamaica Bottling Company,12.2
france,0070847016205,Ultra Blue,Monster,0.0
france,5601151971987,Sumol Orange,Sumol,3.1
france,0000087177756,7Up,7Up,10.4
france,7613034555991,Limonade Pamplemousse Romanette,Nestlé,10.6
france,7610029155655,Cola zero,Denner,0.0
france,3289196200020,FIZZY LEMON,Jardin bio,6.7
france,8718858612239,Rose Lemon Ade,The Tailor Craft Soda,4.9
france,5000382018438,blackcurrant and apple,simply fruity,1.3
france,3256224754190,Diabolo pêche,U,9.0
france,3256225541645,Cola Classic,U,7.4
france,3256860701008,Queen's Tonic,,9.0
france,3256860702302,Bio Liness limonade,Liness,8.6
france,3256860702029,Limonade 125 cl,Liness,9.0
france,3257982140874,Cola Zero Sucres,Cora,0.0
france,3257981860131,Cola,Cora,10.5
france,5601045108208,7 Up,Sumol,7.3
france,59505525,VAL Lime,,7.1
france,5000112651324,[Coca-Cola] Carbonated softdrink with cola taste,The Coca-Cola Company,10.6
france,4056489009931,Pulp' Orange,Freeway,8.4
france,5017818800116,Dr Pepper,Dr Pepper,6.8
france,3760267700255,Limonade à l'ancienne,Cordoeil,9.0
france,8001160008235,Miranda,,7.0
france,3551720022935,Limonade Zero,Lorina,0.0
france,3258561300818,Cola,Belle France,10.8
france,3258561300894,Limonade light,Belle France,0.2
france,3258561300757,"Orange Pulpe 50Cl Bf,",Belle France,10.4
france,3258561300788,Diabolo menthe,Belle France,7.8
france,3258561300825,Cola  zero,Belle France,0.1
france,3263855093314,Leader Price Cola (diet) - Zero Sucres,Leader Price,0.0
france,3263857123019,Orange Light,Leader Price,1.1
france,3263857143017,Cola light,Leader Price,0.2
france,3263857160915,Soda citron,Leader Price,9.1
france,3263855090993,Pulpé orange,Leader Price,10.0
france,3263855096124,Soda agrumes zéro,Leader Price,0.2
france,3263857162018,Kids diabolo menthe,Leader Price,9.1
france,3279060021325,Boisson pétillante aromatisée,,8.8
france,3285590603689,Limonade Bellot,Limonades Bellot,7.9
france,3288194803004,Big cola,Big Cola,10.6
france,3289196820013,Limonade Bio d'Antan,Vitamont,9.4
france,3290352015150,Cot ananas,Chan Ou Teung,8.5
france,3289196820044,Cola Biologique au Sirop d'Agave,Vitamont,9.4
france,3292090000078,Saveur orange,Fanta,6.4
france,3292090001501,Fanta Exotique,Fanta,6.5
france,3292090136241,Coca-cola zéro,Coca-cola,0.0
france,3292090235432,Royal soda zéro sucre Kampane,ROYAL SODA,0.2
france,3292481520024,Limonade artisanale,La Mortuacienne,6.9
france,3292090000252,Royal Soda Grenadine,Royal soda,12.5
france,3292090001303,Fanta Kampane,Fanta,9.7
france,3292090135251,Coca Cola Life,Coca Cola,6.7
france,3292482520108,La Mortuaciene Grenade,La Mortuacienne,7.9
france,3350031917318,Limonade,Monoprix,8.3
france,3350033293410,Cola Zero,Monoprix,0.2
france,3410280058450,Cola,,11.0
france,3450970004688,Cola,eco+,1.5
france,3484700003610,Breizh Cola Stévia,Breizh Cola,5.1
france,3484700008059,Breizh Cola,Breizh Cola,10.6
france,3484705000072,Limonade,Breizh Cola,8.6
france,3484700001159,Breizh Agrum,Breizh Cola,8.8
france,3502110005038,Pepsi,Pepsi,10.9
france,3502110006844,"Lipton Liptonic l'original pétillant 1,5 L",LIPTON,7.9
france,3502110007650,Saveur Cocktail Exotique,7uP,11.0
france,3502110007995,Pepsi max - Un maximum de goût zéro sucre,Pepsi,0.0
france,3502110008244,"Max, boisson gazeuse aux extraits naturels de végétaux avec édulcorants",Pepsi,0.0
france,3502110009739,Pepsi,Pepsi,10.9
france,3502110010575,Pepsi Max,Pepsi,0.0
france,3498640773045,Corsica Cola,Corsica Cola,11.4
france,3502110002686,Mirinda -Goût Orange,Mirinda,7.0
france,3502110006301,7up cherry,7up,10.2
france,3502110007353,7UP Citron & Citron vert,7UP,10.0
france,3502110009050,"7UP saveur citron & citron vert format familial lot de 4 x 1,5 L",7UP,4.6
france,3503780008466,Mojito,granini,9.4
france,3546530003557,Cola,Paris Cola,10.9
france,3546530004745,Paris Cola Zero,Paris Cola,0.0
france,3546530003540,Boisson Gazéifiée à L'arôme Naturel - Paris Cola,Paris Cola,10.9
france,3551720002715,Limonade artisanale,Lorina,9.0
france,3551720034419,Limonade,Lorina,7.5
france,3551720034648,Mojito sans alcool,Lorina,11.0
france,3551720037519,Limonade Artisanale,Limonade Artisanale,8.0
france,3551720037656,soda aux agrumes de Corse,Lorina,8.7
france,3551720446441,Limonade Artisanale,Lorina,9.0
france,3551720004177,Limonade Au Citron,Lorina,9.0
france,3560070345571,Cola Light Carrefour Discount,Carrefour Discount,0.0
france,3560070357819,Limonade,Grand Jury,8.9
france,3560070777440,Cola,Carrefour,9.3
france,3560070824656,LIMONADE Artisanale,Carrefour,7.4
france,3560071009038,Cola,Carrefour,8.4
france,3564700002711,Cola light,Jean's,0.0
france,3564700368220,Jean's - Cola light lemon,Jean's,0.1
france,3564700407721,Jean's Pure sensation cola classic,Jean's,9.5
france,3564700426944,Orange,jafaden,11.0
france,3564700666609,Lemon,Jean's,6.2
france,3564700738085,Cola cherry,Jean's,9.6
france,3564700813584,Boisson gazeuse goût mojito zéro,Sprink's,0.5
france,3564700813973,Soda lemon lime,Marque Repère,7.4
france,3564700829660,Soda tonic zéro,Sprink's,0.0
france,3564700874431,Soda sprit'z,Sprink's,10.0
france,3564700814307,Diabolo Menthe,Sprink's,9.2
france,3564709022437,Limonade,NOS RÉGION ONT DU TALENT,7.8
france,3585261002057,Soda fraise poire,La gosse,9.0
france,3585261801056,La Gosse,La Gosse,9.0
france,3590590095021,Boisson pétillante saveur mandarine,Finesse des Vergers,8.5
france,3595801321081,Schweppes Agrum' Zero,Schweppes,0.3
france,3596710089987,Limonade,Auchan,0.5
france,3596710740888,Soda Orange,Pouce,0.0
france,3662676000387,Ramune,Ramune,4.4
france,3700311800975,Limonade,Tous les jours,0.3
france,3700640600031,Soda saveur citron,El Marjorane,6.4
france,3700703700142,Des fruits et des bulles goût fraise,Dada,0.0
france,3760045170126,Cola Artisanal à la vanille de Tahiti,Elixia,7.2
france,3760045175046,Limonade artisanale Sapin,Elixia,7.2
france,3760045175169,Elixia Limonade Artisanale Bio au sirop d'Agave,Elixia,6.2
france,3760053480620,Alpen cola,Brasserie L&L Alphand,11.2
france,3760065700785,La Délicieuse Sureau,Brasserie d'Olt,5.4
france,3760108700017,Chtilà Cola,Chtilà Cola,10.3
france,3760126830925,Coca cola zero,Coca-Cola,0.0
france,3760126831397,Coca zero,Coca-Cola,0.0
france,3760126830802,Coca Cola,The Coca-Cola Company,10.6
france,3760126831304,Coca cola,Coca-Cola,10.6
france,3760133823552,Auvergnat Cola,AUVERGNATCOLA,11.6
france,3760157210093,Beauce Cola,Beauce Cola,10.0
france,3760184200043,Orange Pulpée,Owl Black,10.5
france,3760186971019,Limonade bio,Freshona,7.4000000953674
france,3760194920894,Meuh Cola,Solibulles,9.7
france,3760205593802,SO Crazy Melon,So Crazy,4.4
france,3760205594564,CRAZY TIGER ENERGY PET 2L,CrazyTiger,4.9
france,3760212310041,Limonade aux extraits naturels de citron,La Loère,8.9
france,3760220890443,Limonade des neiges,Ogeu,7.8
france,3760251180100,Tahitian red,SIPCT,12.6
france,3760261020168,Carca cola,,10.0
france,3760269680555,Soda,,5.6
france,3770001605395,Loire Cola,Loire Soda,10.9
france,3770009746083,Limonade miel et sapin,La fabrique à bulles,4.5
france,4000140011559,Schweppes Ginger Ale,Schweppes,9.1
france,4000140072185,Schweppes Ginger ale,Schweppes,9.1
france,4002968001620,Tönissteiner citron,Tonissteiner,0.7
france,4022652113347,Schwollener Waldmeister,Schwollener Sprudel GmbH & Co. Kg,4.9
france,4049205023779,Bionade Gingembre-Orange,Bionade,4.3
france,40413808,Fruit Juice drink Apple Orange Lemon,Wesergold,11.0
france,4060800100177,Pepsi light,Pepsi,0.0
france,4060800139665,Pepsi Light,Pepsi,0.0
france,4060800175120,Pepsi Max,Pepsi,0.0
france,4060800175793,"7up, Grapefruit",Pepsi,11.4
france,4060800180681,Mountain Dew,Mountain Dew,12.2
france,40822556,Schweppes Indian Tonic,Schweppes,8.6
france,4060800135346,Citrus Blast,Mountain Dew,13.0
france,40901152,Fanta orange,Fanta,6.5
france,42261322,Cola-Mix Limonade,limetto,9.1
france,4106060048313,Isis Cola Bio,Isis Bio,10.6
france,41030202,Afri Cola,Afri Cola,11.0
france,4260178730413,Orangenlimonade,Proviant,6.9
france,4902494160085,Hatakosen Tokyo Uji-matcha Ramune,Ramune,8.7
france,4972842330026,Limonade Ramune,Kimura,9.0
france,5000112523065,"Coca-cola 1,5 l",Coca-cola,10.6
france,5000112545357,Sprite,Sprite,10.1
france,5000112548389,Coca - Cola light  taste koffeinfrei,Coca-Cola,0.0
france,5000112558234,Coca Cola 500ml,Coca cola collector 2012,54.0
france,5000112583243,Coca-Cola light,JEAN PAUL GAULTIER,0.0
france,5000112609691,Coca-Cola,Coca-Cola,10.6
france,5000112611748,Coca-Cola,Coca-Cola,10.6
france,5000112615302,Coca cola zero,Coca-Cola,0.0
france,5000112615654,Coca-Cola Zero Euro 2016,Coca-Cola,0.0
france,5000112621716,Orange,Fanta,6.5
france,5000112627329,Coca Cola Zero,Coca Cola,0.0
france,5000112628197,Coca cola zero,Coca Cola,0.01
france,5000112630381,Coca cola zero peche,Coca-Cola,0.0
france,5000112631104,Coca-Cola,Coca-Cola,10.6
france,5000112632767,Coca cola,Coca-Cola,11.0
france,5000112634730,Coca-cola original taste,Coca-Cola,10.6
france,5000112554526,Coca Cola Zero,Coca Cola,0.0
france,5000112561920,DAVID GUETTA feat Coca Cola,Coca-Cola,10.6
france,5000112562453,"Mezzo mix Zero, Erfrischungsgetränk, Pet",Coca cola collector 2012,0.2
france,5000112600612,"Light - Boisson rafraîchissante aux extraits végétaux, avec édulcorants",Coca-Cola,0.0
france,5000112609622,Coca-Cola,The Coca-Cola Company,10.6
france,5000112613728,Soda,Coca-Cola,10.6
france,5000112615692,Coca Cola Light,Coca-Cola,0.0
france,5000112618822,Fanta orange,Fanta,10.2
france,5000112619911,Coca-Cola,Coca-Cola,10.6
france,5000112634716,Coca Cola,Coca-Cola,10.6
france,5000112638967,Coca-cola,Coca-Cola,10.6
france,5000382022336,Rockstar Regular PM,Rockstar,4.8
france,5010438005992,Vimto,Vimto,13.60000038147
france,50112579,Coca Cola zéro,Coca-Cola,0.0
france,5029396000437,Pink Grapefruit Tonic Water,REWE,7.7
france,5011835102161,Organic sparkling lemonade,Whole Earth,7.4
france,50107223,Irn bru,Barr,0.0
france,0088009900965,Coca cola sans sucre,Coca-Cola,0.0
france,5000112634655,Coca cola 0,Coca-Cola,0.3
france,5022019120314,Boisson Gazeuse Au Citron Et à La Citronelle,Belvoir fruit farms,9.8
france,5029396322775,Mandarin and Seville Orange Jigger,Fentimans,8.4
france,5054268868389,Indian Tonic water with elderflower,Tesco,0.1
france,5060108450089,Soda Au Gingembre Ginger Ale,FEVER TREE,7.1
france,5201171000201,Limonade,Epsa,11.199999809265
france,54004108,Tonic & Matcha,Schweppes,0.01
france,54004405,Schweppes Indian Tonic,Schweppes,9.0
france,5400247061744,Cola,Winny,0.1
france,5400514311046,Bionina Pomegranate & Cranberries,Bionina,10.0
france,5410188032017,Pepsi Max Cherry,Pepsi,0.1
france,5410221166600,Dr Pepper,Dr Pepper,6.8
france,5410221305061,Indian tonic,Schweppes,0.0
france,54004139,Schweppes Tonic Original Premium Mixers,Schweppes,8.8
france,54004153,schweppes premium mixer orange blossom & lavender,Schweppes,8.8
france,54004320,Indian tonic,Schweppes,9.0
france,5410221305436,Orangina,Orangina,9.8
france,5410221151118,Indian Tonic,Schweppes,9.0
france,5410221153099,Passion,Gini,7.4
france,5415281038300,Classic Tonic Water,Erasmus Bond,9.0
france,5413982302003,Mister Lemon Bio Bionina,Bionina,12.0
france,5415281034265,Erasmus Bond,Erasmus Bond,9.0
france,5449000000491,Coca-cola cherry,Coca-Cola,10.7
france,5449000001320,Fanta Citron frappé,fanta,4.4
france,5449000006011,Fanta Lemon 2ltr,Fanta,4.4
france,5449000009104,Coca-Cola Light sans caféine,Coca-Cola,0.0
france,5449000015150,Coca Cola,COCA-COLA,10.6
france,5449000024312,Coca-Cola Cherry,Coca-Cola,10.7
france,5449000028853,Cherry Coca-Cola Zéro,Coca-Cola,0.0
france,5449000028976,Sprite,Coca-Cola,6.6
france,5449000037596,Boisson gazeuse aux extraits végétaux,Coca cola zero,0.0
france,5449000051400,Vanilla Coca-Cola,COCA-COLA,11.2
france,5449000069016,"Fanta, saveur fruits rouges",Fanta,9.0
france,5449000091178,Fanta Saveur Pomme & Cerise,Fanta,7.9
france,5449000092144,Fanta pomme,Fanta,8.4
france,5449000095435,Coca-Cola Life,Coca-Cola,6.7
france,5449000101549,Coca-Cola Vanilla,Coca-Cola,11.1
france,5449000102379,Dr Pepper 1.5Lt .,Coca Cola Co.,4.9
france,5449000106704,No Sugar Can,Sprite,0.0
france,5449000118233,Coca Cola light lime,Coca Cola,0.0
france,5449000132505,Sprite,Sprite,2.0
france,5449000147387,Burn Intense Energy,Burn,13.3
france,5449000195371,Coca-Cola Zero Cherry,Coca-Cola,0.0
france,5449000204370,Finley bulles Pamplemousse & orange sanguine,Finley,4.6
france,5449000204592,Fines Bulles - Citron & fleur de sureau,Finley,4.6
france,5449000214454,Coca-cola zéro,Coca-Cola,0.0
france,5449000214836,Coca-Cola Life,Coca-Cola,5.8
france,5449000214850,Sprite,Sprite,6.6
france,5449000223692,Finley royal,Finley,4.5
france,5449000224576,Finley Mojito,Finley,4.4
france,5449000227058,Zero Lemon,Coca-Cola,0.0
france,5449000229755,Coca-cola cherry,Cocacola,11.4
france,5449000239587,Coca Cola Pêche,Coca-Cola,0.0
france,5449000241337,Coca cola light,Coca-Cola,0.0
france,54492448,Coca cola sans cafeine,The Coca-Cola Company,11.1
france,54492578,Fanta Orange Mini Can,Fanta,6.5
france,5449000000897,"Coca Cola Cola, Cherry Coca-Cola Cherry Mehrweg Pet 1L X1",Coca-Cola,10.7
france,5449000011688,Orange,Fanta,11.7
france,5449000025272,Haway tropical,Hawai,8.5
france,5449000034229,Coca Cola Mini,The Coca-Cola Company,10.6
france,5449000056672,Coca-Cola light sin cafeína,Coca-Cola,0.0
france,5449000059390,Fanta naranja,Fanta,4.5
france,5449000064141,Diet Coke 1.25 LTRS Bottle,,0.0
france,5449000099655,Gusto limone e fiori di sambuco bottiglia dIGPlastica da,Fanta,6.8
france,5449000109941,Coca cola lemon light,Coca,0.0
france,5449000133342,Pack Coca-Cola Zero azúcar,Coca-Cola,0.0
france,5449000137609,Coca-Cola Zero,Coca-Cola,0.0
france,5449000214775,Sprite,Sprite,1.9
france,5449000224200,Coca-Cola Cherry Zéro Sugar,Coca-Cola,0.0
france,5449000226433,Zero Sugar Vanilla,Coca-Cola,0.0
france,5449000227041,Coca Cola Lemon Zero Sucres,COCA-COLA,0.0
france,5449000227218,Coca-Cola Zero Caféine,The Coca-Cola Company Coca-Cola,0.0
france,5449000237354,Coca-Cola,Coca-Cola,10.6
france,5449000244468,Sprite faible en sucres,Sprite,2.0
france,5449000250148,Sprite Lemon lime & cucumber,Sprite,0.0
france,54491977,Coca Cola Cherry,Coca Cola,10.7
france,54492608,Tonic classic,Finley,4.6
france,56346565,Coca Cola Original,Migros,10.6
france,5741000124024,Faxe Kondi,,10.0
france,5900497310338,"Pepsi, Cola",Pepsi,11.0
france,5900497311014,Pepsi,Pepsi,10.64
france,5900497280334,Mountain Dew,PepsiCo,13.0
france,5949000012048,Pepsi Cola,Pepsi,11.0
france,5949000506868,Pepsi max,Pepsi,0.5
france,6111252420127,Pepsi MAX,Pepsi,0.0
france,6133018001951,Ananas Agrum,N'Gaous,12.29
france,6415600502177,Fanta Appelsiini,Fanta,10.6
france,6130743002246,Soda,,11.0
france,6194019604244,Boga Lim,Boga,10.81
france,6194019605241,Boga Lim,Boga,7.64
france,6194019605289,Apla,Eckes Granini Group,10.0
france,7290012693236,Sirup - Cola Sugar Free,Sodastream,0.0
france,7610097119078,Rivella Rhubarbe,Rivella,8.4
france,7610200337733,"M Budget Grapefruit Tafelgetränk, Mit 4% Grapefruit",M-Budget,1.0
france,7610238304493,Schweppes Indian Tonic,Schweppes,8.9
france,7617500192369,Flauder Das Original,Migros,2.0
france,7617500192307,Cola zero,M Budget,0.0
france,7629999042261,Lausanne Pamplemousse,les pétillantes,5.3
france,8002270266553,Sanpellegrino pompelmo,San Pellegrino,9.4
france,8002270786563,San Pellegrino La Limonata 50CL,San Pellegrino,8.7
france,8002270020018,Sanbitter,San Pellegrino,15.0
france,8002270236501,Sanpellegrino L'Aranciata,San Pellegrino,10.1
france,8002270696572,Chino zero,San Pellegrino,0.1
france,8002270796579,L'aranciata,San Pellegrino,1.9
france,8007885749293,Açaï Bio Galvanina,Galvanina,7.0
france,80022725,Sanpellegrino Lemon Soda - Limonata,Sanpellegrino,8.0
france,8010076007034,Red Bitter,Stappi,13.0
france,8018005301765,Tonica polara,Polara,10.5
france,8050327350106,Lemon soda,,12.0
france,8410283028004,Casera de limon,La Casera,0.0
france,8410408051351,Orange - 8% de jus d'orange,Kas,12.6
france,8410619020009,Sifón,La Casa De Casasayas,0.0
france,8411588001006,Gasificante para bolleria,El Tigre,0.0
france,8435185944054,Dr Pepper,Dr Pepper,6.8
france,8435185955456,Orangina zero,Orangina,1.2
france,8594003845987,Kofola original,Kofola a.s.,8.0
france,8690504518761,Camlica Lemon Flavoured Fizzy Drink,Çamlica,12.5
france,8690723312300,Uludag ORANGE,ULUDAG,10.2
france,8690504519096,Çamlica Portakal,Ülker,6.6
france,8712100720451,Original Ice Tea Pétillant,Lipton,4.5
france,8714100616963,Sparkling Ice Tea Original,Lipton,4.5
france,8714800030007,Psychik - Guarana,PSYCHIK,11.3
france,8718692611498,"Sodastream concentré, Cola sans sucres",Sodastream,0.0
france,8718858610334,Charlie’s citron citron vert,Charlie's,6.4000000953674
france,8718858610068,Orange Mandarin & Mint,Charlie's,7.6
france,87170382,Pepsi Max,Pepsi,0.0
france,87170528,7up Free,7UP,0.0
france,87170801,Pepsi,Pepsi,11.0
france,8722700485186,Original Sparkling Ice Tea,Lipton,4.5
france,87303773,Fanta pamplemousse,Fanta,0.3
france,8801056143015,? Chilsung,Chilsung,6.4
france,8847100568793,ស្ព្រៃ,SPRITE,0.0
france,9002490219567,Red Bull Blue Edition,Red Bull,11.0
france,9002490219574,Red Bull The Silver Edition,Red Bull,11.0
france,90338120,Coca Cola Zero,Coca-Cola,0.0
france,90424908,Red bull organics Lemon,Organics by Red Bull,9.0
france,9300624400042,Lemonade original,kirks,7.88
france,5949000022047,Max,Pepsi,0.5
france,5449000458384,Coca cola life,Coca-Cola,5.8
france,5000112625295,Coca Cola Zero,Coca-Cola,0.0
france,0048500017920,Lemonade,Tropicana,10.4
france,5000112572469,Coca cola Vanilla,Coca-Cola,11.1
france,4018715002291,Sinalco Zero,Sinalco,0.0
france,5604655220100,Limonade de jus d'Ananas,Picolé,5.4
france,3248650180636,Soda Lemon Lime,Monoprix,9.0
france,6130093059884,Ifri Premium Soda,ifri,12.9
france,8050327350038,Lemon Soda,Crodo,7.0
france,5449000054104,Fanta mandarine,Fanta,13.3
france,5000112547849,Fanta Orange,Fanta,7.6
france,0090075352166,Limonade,,40.0
france,06789709,Diet Coke,Coca-Cola,0.0
france,0072979004143,GingerAle,Seagram's,9.2957746478873
france,4549463554553,Coca Cola Original Taste 2L,Coca-Cola,10.6
france,4260339810299,acáo Pink Grapefruit,ACÁO,4.2
france,0088009150728,Fanta Orange,Fanta,13.0
france,07895308,Dr Pepper Cherry,dr,11.5493
france,3534290055305,Limonade,,7.8000001907349
france,4106160002215,Hopster,Hopster,5.1
france,3124480169938,Orangina Rastaman,Orangina,9.3
france,0078000003468,Schweppes Ginger Ale,Schweppes,32.0
france,0088009810639,Orangina tropical,Orangina,9.3
france,3348630001040,Coca-cola,Coca-Cola,10.6
france,54490673,Krest Tonic,Coca-Cola,0.0
france,5449000015105,Sprite,Sprite,8.3
france,3700029400924,Youki Cocktail de fruits,Youki,11.0
france,0036192122251,Santa cruz organic mango lemonade,,8.75
france,0076183164709,Limonade,Snapple,46.0
france,5694110048639,Lemonade,,0.0
france,3760194923093,Limeuhnade - Boisson gazéifiée aux extraits de gingembre et de citron bio,Solibulles,8.4
france,5707527000227,Pink Citron Lemonade,Lorina,10.5
france,5010358202396,Lemonade,Spar,0.1
france,4060800302014,Diet pepsie,Pepsi cola,0.0
france,5449000093899,Coca cola cherry,Coca-Cola,11.2
france,5000169068502,Lemonade,Waitrose,0.0
france,5000112639438,Coca vanille sans sucre,Coca-Cola,0.0
france,5000112634723,Coca-Cola,Coca-Cola,10.6
france,5060493120017,Traditional Root Ginger Beer,,5.4
france,3760194923116,LiMeuhnade Gingembre,Solibulles,8.4
france,6130743003243,Mirinda orange,pepsi,9.0
france,3124480185884,Pulco citronnade,Pulco,4.8
france,6194019604282,Apla,ECKES-GRANINI,10.0
france,7610097127073,Rivella fleur de sureau,Rivella,8.2
france,3124480191106,Schweppes zero Agrumes,Schweppes,0.3
france,0678963100206,Guarana antarctica,,10.285714285714
france,0855036005181,Ginger ale,,8.75
france,3551720042650,Limonade de Lorraine,geyer frères,7.4
france,5000112639810,Coca Cola light exotic mango,Coca-Cola,0.0
france,8002270506604,San Pellegrino Limonata,San Pellegrino,7.8
france,00056434,Diet Lemonade,,0.5
france,5449000137456,Fanta ananas,Fanta,12.3
france,5449000268068,Light taste,Coca Cola,0.0
france,8480010023237,Basic gaseosa,Eroski,0.0
france,50112203,Fanta ananas,Fanta,12.3
france,3257980698148,"Cola Light, Un Litre Et Demi, Marque Cora",Cora,0.0
france,5032678005730,Cola,,9.9
france,0041498269647,Pink Lemonade,Aldi,25.0
france,87171259,Pepsi Max Cherry Can 8 / 16,Pepsi,0.0
france,8002270766626,Limonata bio,San Pellegrino,7.8
france,08749123,Organics Bitter Lemon,RedBull,9.0
france,5449000242525,Fanta Pink Grapefruit,Fanta,0.3
france,3560070824823,Saveur citron,Carrefour,4.0
france,3256227093104,Cola regular,U,7.2
france,0078000000757,Diet up,7Up,0.0
france,5449000281487,Tropico orange mandarine,Tropico,23.0
france,3502110122926,Pepsi Max,Pepsi,0.0
france,3700749300856,Leamo -  Ginger beer bio 250ml,Leamo,8.6
france,5712862016949,PINK LEMONADE CITRUS,,9.0
france,5449000280831,Coca-Cola ENERGY,Coca-Cola,10.4
france,3289094062003,Classic soda,Classic,10.0
france,8718612002337,Blueberry White Tea,Arizona,4.9
france,0851694003804,Light ginger beer,,9.01
france,0025000019708,Premium strawberry lemonade,Minute Maid,7.5
france,06793207,Lemon-Lime Soda,Sprite,10.7
france,4000140709531,Schweppes Fruit Lemon&Mint,Schweppes,9.8
france,3700029401679,LA GAZELLE LIMONADE,,7.9
france,0019063001114,Black Raspberry Sparkling Fruit2O,Fruit2O,0.0
france,00220347,Diet Lemonade,Marks & Spencer,0.2
france,0033919000458,Flying Cauldron Butterscotch Beer,Reed's  Inc.,8.451
france,0049000048674,Fanta Toronja Grapefruit,Fanta,13.8
france,0049000054552,Sprite Lemon lime soda,,27.0
france,0049000004632,Coca-Cola,Coca-Cola,11.0
france,0049000028898,Fanta Apple,Fanta,12.6
france,00533522,Sparkling cloudy Apple & Elderflower,Marks & Spencer,7.7
france,0069000019832,Diet Pepsi,Pepsi,0.0
france,0074601176075,CTC Ramune 200ML Strawberry Flavor,Hata,8.5
france,0074601176303,Japanese soft drink blueberry flavor,Ctc Food International Inc.,9.5
france,0079581995241,Océan Blue Lemonade,Calypso,10.5
france,00750912,Green Lemonade with Lime Kiwi et Kale,Marks & Spencer,4.7
france,00741590,Diet sparkling cloudy lemonade,Marks & Spencer,0.10000000149012
france,0088009150612,Fanta saveur orange,COCA COLA INTERNATIONAL,13.0
france,0088009770452,Coca-Cola zero,Coca-Cola,0.0
france,0088009110722,Coca-Cola (Canette),Coca-Cola,10.61
france,0088009270631,Lemon,Schweppes,13.0
france,0088009900194,Coca cola life,Coca-Cola,6.6
france,0090478410029,Tamarindo soft drink,Jarritos,9.4594594594595
france,0090478410081,"Jarrito, Guava",Jarritos,11.7
france,00900027,Diet sparkling fiery ginger beer,Marks & Spencer,0.02
france,04150862,"Sanpellegrino Sparkling Orange Beverage, Aranciata",Sanpellegrino,17.0
france,04936509,Coca Cola vanilla,Coca-Cola,11.8309859155
france,0611269212457,Energy Drink,Red Bull,10.704225352113
france,0627696100014,Bec canneberge,Bec,10.0
france,0627696000048,Bec Cola,Bec Cola,9.6
france,0762571500296,Mojito fraise,Freez,7.0
france,0760712160019,"Boylan bottling co, cane sugar soda, cane cola, cane cola",Boylan Bottling Co,11.55
france,1378650446448,Selecto,Hamoud Boualem,10.2
france,14005145,Bionina,,10.0
france,1402267660000,Dryck Bubbel Päron,Ikea,10.0
france,1702501420002,Dryck Julmust,Ikéa,9.3
france,20023140,Freeway Cola,Freeway,10.7
france,20033415,Freeway cola light,Freeway,0.1
france,20044216,Limonade,Freeway,8.2
france,20214258,Freeway orange,Freeway,9.6
france,20229184,"Freeway Citron 0%, Limonade",Freeway,0.0
france,20437572,Agrumes zéro,Freeway,0.08
france,20562106,Caipirinha Flavour Stimulation Drink,Mixxed Up,11.1
france,20768652,Agrumes,Freeway,7.1
france,2249826004573,Limonade saveur Sureau,L'Abeille,9.5
france,26002545,Limonade Artisanale Bio,Simplement Bon et Bio,8.5
france,26003306,Tonic Water,River,8.9
france,26025421,Demi fruit pêche au sirop léger,River,14.0
france,3000029097514,Jungle juice mojito,Diuke,4.5
france,3057640178078,Fiz.,taillefine,0.05
france,3057640219818,Taillefine Fiz Orange,Taillefine,0.4
france,3048431005352,Ricqles saveur menthe,Schweppes,7.0
france,3092718617448,Lemonade citron,R Whites,3.7
france,3109850018559,Ultra-Concentré Réglisse Cola,Antésite,0.0015
france,3119070031238,Sowest Cola,Sowest Cola,10.6
france,3119070059041,Limonade zéro,Ogeu,0.0
france,3119070050123,Lemon,Sowest,10.0
france,3124480001405,Schweppes indian tonic,Schweppes,9.0
france,3124480002303,Schweppes Lemon,Schweppes,6.2
france,3124480164155,Schweppes Agrum,Schweppes,5.7
france,3124480182647,Orangina - Boisson gazeuse,Orangina,10.0
france,3124480183231,Schweppes cherry aux saveurs de cerise,Schweppes,6.0
france,3124480183538,Orangina,Orangina,9.8
france,3124480184399,Orangina cool can,Orangina,9.8
france,3124480184689,Schweppes Indian Tonic,Schweppes,5.8
france,3124480184979,Orangina zero,Orangina,1.2
france,3124480186935,Agrum Zero,Schweppes,0.3
france,3124480600110,Orange Fraise,Sunny Delight,8.4
france,3124480000347,Canada Dry-  boisson gazeuse,Canada dry,6.4
france,3124480000415,Canada Dry Ginger Ale,Canada Dry,5.7
france,3124480002686,Schweppes Zero Agrum',Schweppes,0.3
france,3124480163011,Pêch',Schweppes,6.3
france,3124480164315,Boisson gazeuse lemon,Schweppes,6.2
france,3124480167064,Schweppes Agrum',Schweppes,5.7
france,3124480171467,orangina et sa pulpe,orangina,10.0
france,3124480177513,Boisson gazeuse rafraîchissante aux fruits,Orangina,10.0
france,3124480180827,Schweppes Zero Fraise,Schweppes,0.0
france,3174780000431,Boisson rafraîchissante aux extraits végétaux,Coca-Cola,10.6
france,3183820130014,Limonade pur sucre Isabelle,Isabelle,9.0
france,3222471052747,Limonade - Arôme naturel de citron,Casino,9.0
france,3222471443033,Soda Orange,Casino,8.5
france,3222472943525,COLA,Casino,7.1
france,3222475388989,Diabolo saveur bubble gum,Les Doodingues,6.3
france,3225355150706,Citron restauration,Pulco,1.0
france,3225355490819,Pulco à diluer,Pulco,5.1
france,3245411901509,Limonade,Carrefour,8.9
france,3245390178275,Cola Zero,Grand Jury,0.0
france,3245411901530,Limonade à l'arôme naturel de citron,Carrefour,5.8
france,3245412707254,Limonade sans Sucre,Carrefour,0.02
france,3249290001411,Cola light,Puma,0.06
france,3250390697336,Tonic,Netto,8.0
france,3250392404123,Cola zero,Netto,0.5
france,3250392285074,Look Pulp Orange,Look,10.0
france,3256220113588,Orangeade pulpée zéro,U,1.1
france,3256221134742,Limonade,U Bio,8.4
france,3256223022238,Cola light,U,0.0
france,3256222643670,Orange - Pêche - Abricot,U,9.0
france,3256223010563,Tonic aux arômes naturels,U,5.9
france,3256224809791,Cola cerise,U,7.4
france,8787803593565,Coca Cola,,10.6
france,0069000040553,Root Beer,Mug,12.0
france,3770004173778,EUSKOLA,,10.1
france,8692813005284,Limonade,,13.0
france,3124480168016,Orangina cool can,Orangina,9.6
france,3174780000998,Cocacola normal,Coca-Cola,10.6
france,3760198070632,Tonic water gingembre&cardamome,distillerie du Gorvello,7.3
france,3289196810007,Cola équitable -30% de sucres,Vitamont,6.5
france,07931598,Boga cidre,Boga,9.57
france,3700749301211,Limonade bio,,5.65
france,20298555,Limonade Bio sucre de canne citron,freeway,7.4
france,3551720201217,Lorina Limonade,Lorina,9.0
france,4012852204846,Now Bio Pink Rhabarber Bio-Limo,Lammsbräu,7.8
france,5011166054535,Hibiscus tonic water,Lamb & watt,7.9
france,3760198070625,Tonic water,,7.4
france,3292090236262,Royal soda coco,ROYAL SODA,10.4
france,0012000184222,With a splash of mango juice,Pepsi,11.5
france,8018005208286,Chinotto di Sicilia,Polara,12.2
france,8690558033777,Lemonade mint,,9.3999996185303
france,8718858612376,Rum and cola,,4.9
france,3289196200013,Tonic,Jardin Bio,6.6
france,4001513004031,Tee - Schwarztee-Pfirsichgeschmack,Gerolsteiner,4.0
france,8002270206795,Boisson pétillante,San Pellegrino,8.1
france,3250393110047,Look pulp orange,Look,9.4
france,3350033884274,Limonade,Monoprix Gourmet,8.0
france,8002270846823,Momenti - Te Darjeeling & agrumi,San Pellegrino,2.4
france,3551720204973,Tonic,Lorina,4.0
france,3551720205017,Limonade ss sucres,Lorina,0.0
france,2551776203594,Limonade L’originale,,8.0
france,3124482497138,Orangina light,,1.2
france,5449000247988,Coca zéro citron,Coca-Cola,0.0
france,5449000006332,Fanta Lattina CL. 33,,11.8
france,8002270366628,Sanpellegrino,San Pellegrino,7.0
france,4909411084318,Soda Cola Japonais,Kirin,7.6
france,7630040405294,Martini Floreale & Tonic,Martini,6.7
france,5449000294821,Fanta sans sucre,Fanta,0.1
france,8801069413082,Sparkling Mango,Chupa Chups,13.0
france,3124480193643,Schweppes pink tonic,Schweppes,4.3
france,5449000296078,Coca cola zero,Coca-Cola,0.0
france,25761160,Limonade,Brasserie des Ceutrons,8.1999998092651
france,00286862,Caramelle ripiene,Fanta,75.0
france,5000112649154,Coca cola,Coca-Cola,10.6
france,7629999024687,African Roots Ginger Ale,Gents,9.0
france,5449000310002,Fanta açaï zéro,Fanta,0.1
france,5000112656473,Coca Cola cherry,Coca-Cola,10.7
france,4304493261372,Freway Cola,Lidl,9.7
france,2006050090976,Happy bulles,,9.5
france,6928804017304,Sprite,,0.0
france,4901777274983,Pop Melon Soda,Suntory,12.0
france,2006050123711,Limonade au citron de sicile,River (Aldi),12.0
france,5449000009845,Tropico fraise 🍓 et kiwis 🥝,Tropico,5.8
france,0637480001694,Creamy root beer float,,0.30769230769231
france,5060108454070,Ginger beer,Fever-Tree,9.0
france,3770016443074,Limonade,,26.4
france,5449000058607,Light Taste Coca cola,Coca-Cola,0.0
france,7640106031374,Goba cola,,9.7
france,3760267700262,Cordoeil cola,Cordoeil cola,9.0
france,3760126831649,Limonade Or,,9.7
france,3770013801303,Limonade,,7.5
france,7411001802341,Coca Cola sabor original,Coca-Cola,19.0
france,8002270506802,Aranciata Rossa (orange sanguine),San Pellegrino,8.8
france,2419600267443,Coca Cola Vanille,,10.6
france,3770013672125,Limonade framboise,,7.2
france,3760259623197,Cola,,10.0
france,8018005307491,Limonade,Polara,9.0
france,5703828024221,Aqua d'or sparkles elderflower & lemonade,,0.0
france,3278736217246,Orangina Light,Orangina,1.2
france,7617500044101,Apéritiv Tonic Water,aperitiv,8.0
france,5449000265104,Coca-Cola Energy No Sugar,coca-cola,0.0
france,5011835101782,Organic Sparkling Cola,Whole Earth,7.8
france,5449000025173,Coca-Cola Less Sugar,Coca-Cola,7.52
france,3502110006295,"Pepsi Zéro sucres saveur cerise 1,5 L",Pepsi,0.0
france,5601151976869,Pepsi-cola-330ml-portugal,,10.6
france,4012852204204,Now Black Cola,Now,7.7
france,8018005827074,Melograno,Polara,8.0
france,5010102003804,Tango Orange 2ltr,Tango,4.2
france,50107827,Barrs Irn Bru 2ltr,Barr,4.7
france,5410013160106,apple,SPA,4.8
france,5449000173850,Fanata exotic zero,Fanta,0.5
france,0020735092606,Pink lemonade,Turkey Hill,10.140845070423
france,3292482220145,La Mortuacienne,Reine Des Limonades,9.5
france,5449000147158,Coca Cola Zero cristal,Coca-Cola,0.0
france,5449000138514,Coca Cola Zero 6 pack,Coca-Cola,0.0
france,80141129,Siesta Caffe,Romanella,12.5
france,5449000122995,Vio Bio Limo,Vio,8.9
france,3560070829903,Fresh tonic,Carrefour,0.0
france,6194019604251,Boga Cidre,Boga,7.08
france,0069000014257,Pepsi Diet,Pepsi,0.0
france,5206542002921,Green Cola,,0.0
france,6281034007171,Barbican Malt beverage Apple,Barbican,7.6
france,42116776,Fanta orange,Fanta,11.7
france,8480017438683,Naranja,Dia,7.5
france,8718858613885,Baha breezy blueberry limonade,,4.4
france,5690541002370,Appelsin,,11.0
france,5000112637922,Coca Cola,Coca-Cola,10.6
france,3596710366705,DIABOLO Grenadine - goût grenadine,Auchan,7.0
france,3700703700067,Pêche,DADA,3.6
france,5400164115025,Cola,OXFAM FAIR TRADE,10.0
france,5400164115049,Lemonade,Oxfam,10.9
france,4902494140025,Hatakosen Ramune Soda - Orange Flavour,Kimura,8.5
france,5000112611861,Original taste,Coca-Cola,10.6
france,3250393381775,Limonade artisanale,,7.4
france,3513030000324,Limonade au jus de citron,,2.0
france,5060108453189,Lime & Yuzu Soda,Fever-Tree,4.0
france,3596710474493,Cola classic,Auchan,9.1
france,3596710301744,Soda Lemon Zero saveur Citron Citron Vert,Auchan,0.5
france,3596710322374,Planet cola light,Auchan,0.5
france,3596710360710,Auchan Tonic,Auchan,8.7
france,3596710404940,Soda tonic,Pouce,0.0
france,3596710462629,Auchan bio boisson aux fruits gazeuse citron pet 1l,Auchan Bio,7.9
france,3596710490240,Limonade,Auchan,8.4
france,3245411441982,Limonade,Carrefour,0.0
france,3560070045969,Cola Classic,Carrefour,10.4
france,3560070824403,Cola classique,Carrefour,9.3
france,3250390051183,"Tonic, Soda Aux Extraits D'écorces De Quinquina Et D'oranges Amères, 6 x 33cl,",Look,8.9
france,3250390542049,Lemon Lime,Netto,8.0
france,3250390966852,Cola One Zero,Netto,0.5
france,3250391366163,Cola One light sans caféine netto,Netto,0.5
france,3410280003382,Cola one 1 light,Netto,0.1
france,5411118105214,Cola zero,Top budget,0.1
france,3596710301737,Soda agrumes zéro* Goût agrumes - * sans sucres,Auchan,0.5
france,3092718637002,,Teisseire,65.0
france,5060108451635,Refreshlingy light - Ginger Ale,Fever-Tree,4.6
france,3556009993906,Le Yuzu,Alain Milliat,4.6
france,42105244,,Coca-Cola,10.6
france,3560071512316,"Lemon aux saveurs de citron, citron vert",Carrefour,4.3
france,0079581184010,Ocean Blue Lemonade,Calypso,10.4
france,8002270586880,Naturali limonata,San Pellegrino,8.0
france,6928804014679,Fanta pomme,Fanta,11.2
france,3770013672231,Limonade bio artisanale framboise,,7.2
france,3168930170488,Pepsi Zéro sucres 10% offert 12 x 33 cl,Pepsi zero,0.0
france,3168930171577,Lipton Liptonic l'original pétillant 24 x 33 cl dont 10% offert,LIPTON,7.9
france,3560071494209,Cola vanille,CARREFOUR SENSATION,8.4
france,54493896,"Mezzomix 0,33",Mezzo Mix,10.1
france,5449000178800,Coca-cola,Coca-Cola,10.5
france,8018005720658,Mandarina Al Limon,Polara,11.636363636364
france,0049000014242,Fanta myrtilles,Fanta,12.15
france,5449000120984,Fanta Orange Zero 2Ltr,Fanta,0.0
france,3760096020494,Cola,Markus,10.2
france,3068320105444,Badoit citron vert,Badoit,0.0
france,3057640521683,Volvic Essence Zitrone-Apfel 75cl PET,Volvic,0.0
france,7613034580559,PERRIER citron vert,Perrier,0.0
france,8435185944009,Dr Pepper,Dr Pepper,6.8
france,5449000259240,Coca-Cola Zero,Coca-Cola,0.0
france,4029764001807,Club Mate,Club Mate,5.0
france,5449000051981,Original Taste,Coca Cola,10.9
france,5449000267436,Coca-Cola Cherry,The Coca-Cola Company,10.7
france,8002270316548,SAN PELLEGRINO Boisson pétillante au jus d'orange sanguine 33cl x6,San Pellegrino,8.0
france,5449000185945,Coca Cola Cherry,Coca Cola,10.8
france,06782900,Coca-cola Classique,Coca-Cola,7.61
france,5449000105394,"Coca-Cola 6 x 1,25l",Coca-Cola,10.6
france,0090478001081,,Paafyll AS,9.0
france,8002270074295,Sanpellegrino-lemon Soda-330ml-italy,CUVECO AS,7.8
france,5060108450546,"Tonic Water Mediterranean 0,5l flaske Fever-Tree",Multibev,7.4
france,7070841003037,Zeroh! Pineapple,Lerum as,0.0
france,5400141972047,Everyday Bruisend Mineraalwater,Everyday,0.0
france,3124480185105,Orangina zero,Orangina,1.2
france,5449000020987,,Coca-Cola,0.0
france,3596710355389,Cola zéro** sans sucres,Auchan,0.5
france,8002270356520,SAN PELLEGRINO boisson pétillante au jus de citron 33cl,San Pellegrino,7.8
france,8002270686566,SANPELLEGRINO bois pétillant au jus de citron&d'extrait de menthe33cl,San Pellegrino,8.3
france,54493957,Fanta Fruit Twist 500 Ml,Fanta,4.8
france,5449000132277,Tops,,4.8000001907349
france,8480000227256,Sem gas limonada light,Hacendado,5.6
france,5449000000996,Coca-Cola,Coca-Cola,10.6
france,5449000296238,"Refrigerante Guarana Fanta 1,5L",Fanta,0.0
france,8414100333241,Tónica Zero,Schweppes,0.0
france,3760122965607,Citronnade aux 2 citrons BIO,Michel et Augustin,4.2
france,3250390030782,Diabolo Grenadine 1L5 Bouteille,Look,8.0
france,3250392227333,Look Cola,Intermarché,8.5
france,5000112567625,,Powerade,3.8
france,8719128117805,Pepsi max cherry,Sodastream,0.0
france,0049000014235,Fanta Orange imp,Fanta,12.8
france,5449000138026,Fanta Orange sans sucres,Fanta,0.5
france,5449000308108,Fanta saveur exotique,Fanta,10.1
france,4860001120475,,,12.8
france,8018005301222,Chinotto,Polara,12.7
france,8710398523952,Rockstar Energy Drink goût fraise citron vert,Rockstar,0.0
france,0090478000763,Jarritos guava,Jarritos,9.0
france,3484700000817,Cola Zéro,Breizh Cola,0.3
france,0760712040014,Black cherry soda,Boylan Bottling Co,12.4
france,4902102038720,Fanta grape,Fanta,10.0
france,0049000014266,Fanta strawberry 355ml imp,Fanta,13.5
france,5060602580213,"Peach, Ginger & Chai",Punchy,3.9
france,5449000285966,Sprite,Sprite,0.0
france,0701648010115,Guru original,Guru,8.4
france,0012000130311,Baja blast a original tropical lime soda,Mt dew,12.4
france,26003344,Limonade aux arômes naturels,River,7.4
france,50112265,Schweppes Tonic,Schweppes,5.1
france,3551720035270,Limonade,Lorina,0.5
france,3124480167026,Orangina,Orangina,9.6
france,5060947541924,Monster energy ultra gold,Monster Energy,0.0
france,06224017,Canada Dry Ginger Ale,Canada Dry,11.0
france,5000112545326,Coca-Cola,Coca-Cola company,10.6
france,5449000287038,Fanta orange,Coca-Cola Company,7.2
france,8002270936760,Sanpellegrino limonata,San Pellegrino,8.0
france,5449000227416,appletiser,Appletiser,4.2
france,8018005208392,Limon e zenzero,Polara,7.7
france,6111252420059,Pepsi 2L,Pepsi,11.0
france,54491014,Coca Cola Original Taste,Coca-Cola,10.6
france,5449000227553,Lemon Coca-Cola Zero Sugar,Coca-Cola,0.0
france,5449000146274,Fanta saveur Fraise & Kiwi,Fanta,10.1
france,5449000259578,Coca saveur cannelle - zero sucres,COCA-COLA,0.0
france,5000112548129,Sprite,Sprite,8.0
france,5993330000077,Coca Cola,,11.2
france,90370960,Coca-Cola Original,Coca-Cola Company,10.6
france,3278732204257,"Schweppes Indian Tonic 1,5L",Schweppes,5.8
france,3770009746014,Limonade myrtille,Vosges Limo,4.5
france,8007885761844,Limonata biologica,Galvanina,8.0
france,3244851000421,Pimento Original,Pimento,7.1
france,0850035248041,Watermelon soda,Warheads,9.86
france,5449000307842,What the fanta,Fanta,0.1
france,8410261657257,Limonada natural light,Simon,5.6
france,5449000284617,Coca cola vanille,Coca-Cola,10.6
france,8018005720672,Melograno,Polara,9.5
france,3760186971538,Soda citron,Planète Bio,8.8
france,5449000016560,Coca-cola 1 litre zero light,Coca-Cola,0.0
france,5449000012241,"Sprite,",Sprite,6.6
france,5449000130389,Original Taste,Coca-Cola,10.6
france,5449000203205,Boisson rafraîchissante saveur Framboise Fruit de la Passion,Fanta,6.7
france,3580288087681,Limonade Bio à l’arôme naturel de citron,Agidra,8.4
france,3274080018133,Limonade Steff,Steff,0.3
france,90424922,simply cola,Red Bull,8.8
france,3848069413310,Chupa chups Sparkling Mango Flavour,Chupa chups,13.0
france,5060108450126,Fever tree Soda Tonic Water,Fever-Tree,8.0
france,3124480193698,Ginger Beer,Schweppes,4.3
france,5449000132499,Orange,Fanta,4.5
france,3254380000748,Roc limonade,Rochambeau,9.0
france,3168930161738,7UP Free saveur citron & citron vert 50 cl,7UP,0.0
france,4015533025297,,Voelkel,7.0
france,3168930159711,Pepsi,PEPSICO,4.6
france,5449000036872,Hawai Tropical,Hawai,9.5
france,3683080376547,Palmyre Limonade Nature,,8.0
france,42105220,Coca Cola,Coca-Cola,10.6
france,8718858613137,Sparkling BubbleGum Drink,CANDY CAN,0.0
france,5449000098917,Coca-Cola Vanille,Coca-Cola,10.6
france,8018005062468,Cola imp,Polara,10.5
france,3249760000654,Orangina,Orangina,9.6
france,5000112626070,Fanta Lemon ohne Zucker,Coca-Cola,0.0
france,54490147,Coca-Cola,Coca-Cola,10.6
france,5707527005208,Sweet’n’,BUBBLY,0.0
france,2000000151287,Coca-Cola McFloat,McDonald's,12.8
france,5449000258243,Coca-Cola plus Coffee,Coca-Cola,0.0
france,3551720042186,Limonade Bio,lorina,5.0
france,87126464,Fanta orange,Fanta,4.5
france,5449000195364,Coca-Cola Zero Cherry,Coca-Cola,0.0
france,3168930159773,7UP saveur citron & citron vert 33 cl,7UP,4.6
france,3760065700952,La Limonade Délicieuse à la Châtaigne,Brasserie d'Olt,5.4000000953674
france,8480013232711,Gaseosa,Spar,0.0
france,8032919462718,Il nostro Chinotto,Lurisia,12.4
france,3770015056237,Ultra ice tea,,5.6
france,4260178730116,"Proviant, Zitronenlimonade Naturtrüb",Proviant,6.9
france,90151668,Almdudler original,Almdudler,7.9
france,3760252661349,Limonade du comté,brasserie du comté,5.0
france,54491250,Coca Cola Original Taste,Coca-Cola,10.6
france,20256364,ARANCIATA-Bibita Gassata,Siti,1.7
france,3596710419135,Soda pomme - Goût pomme,Auchan,7.7
france,3292482220107,La Mortuacienne Grenade,Rième Boissons,7.9
france,5449000012845,Tropico original,Tropico,7.2
france,6130743016755,Pepsi-Cola,Pepsi,11.0
france,7750236000239,Inca Kola,Coca Cola,10.7
france,5054267000193,Energy Orange,Lucozade,4.5
france,4060800159700,Pepsi Max Cherry,Pepsico,0.1
france,5000112547702,Coca-cola Cola (diet),Coca-Cola,0.0
france,90418945,Sprite,Sprite,1.9
france,3057640503283,"Volvic essence Apfel-Zitrone-Ingwer 0,75L",Volvic,0.0
france,3057640541483,"Volvic Limotion Orange 0,9L EW",Volvic,4.5
france,3057640541728,"Volvic Limotion Orange 0,45L EW",Volvic,4.5
france,3057640530098,"Volvic Bio Coffee mit Arabica-, Maracuja & Litschigeschmack 0,75L EW",Volvic,2.3
france,3760235780135,Archibald French Tonic,Archibald,7.0
france,8050327350243,LemonSoda,Fonti di Crodo,0.0
france,0090478410050,Lime Natural Flavour Soda,Jarritos,9.46
france,4337185149757,Cola,Kaufland Classic,9.7
france,8014396001987,Limone,Schweppes,11.39999961853
france,2010000345122,Limonade cassis,,8.0
france,5449000010940,Фанта лимон,Fanta,4.6
france,6111252420240,7up lemon 1.5L,7up,5.0
france,5449000272256,Schweppes lemonade,Schweppes,0.1
france,3564700813669,Limonade - 50 cl x 6 UNITÉ,Marque Repère,7.0
france,0012000180323,Mountain dew kickstart pineapple orange mango,KickSrart,3.8
france,9315596002750,Schweppes Lemonade,Schweppes,8.21
france,4010976382013,,Libella,6.8
france,3450970055888,Cola Zéro,Eco+,0.0
france,3660992012527,Cola,Prix Mini,0.5
france,90162602,Redbull,Red Bull,11.0
france,8850389112601,Melon et nata de coco,Mogu Mogu,12.0
france,8001620013052,Sitruunatee,San Benedetto,5.7
france,90331701,,Fanta,7.1
france,5449000013231,"Refrigerante Sprite Zero 1,5 L",Sprite,0.0
france,0855235002028,Blood Orange with Meyer Lemon Ginger Ale,Bruce Cost Ginger Ale,10.42
france,5000112562446,Sprite Zitrone-Limette ohne Zucker,The Coca Cola CompanySprite,0.0
france,9300675009843,FANTA,Fanta,27.0
france,5449000012852,Tropico Original,TROPICO,7.2
france,8002270036668,Aranciata,San Pellegrino,7.8
france,5060040190111,Yuzu & Lemon,Mangajo,6.6
france,3124480196361,Indian Tonic,SCHWEPPES,4.4
france,5949000506882,Mirindia cu suc de portocale,Mirinda,7.8
france,3257981359192,Limonade Cora,Cora,7.0
france,41030240,Zitronenlimonade,BLUNA,10.0
france,4018715004196,Sinalco Orange,Sinalco,9.5
france,8801069402451,Strawberry & Cream,Chupa Chups,41.0
france,3271471500239,"Limonade Breizh Limo Bouteille 1,5L",Breizh-Limo,8.1
france,5000112639391,cherry zero,Coca-Cola,0.0
france,3250391214921,Look limonade Zero,Look,0.5
france,3124480002501,Schweppes Agrumes,Schweppes,6.6
france,3249290003620,cola light,l'abeille,0.2
france,3502110009692,SEVEN-UP,7up,7.0
france,3770031161144,Yuki,YUKI,6.0
france,3124480186898,"Schweppes agrumes aux saveurs d'orange,🍊de pamplemousse, de citron vert & de mandarine",SchweppesOrangina Schweppes,5.7
france,0760712050013,Ginger Ale,Boylan Bottling Co,36.0
france,6130093062853,Gazouz Ananas,ifri,6.4
france,0011152225654,Lychee flavor carbonated soft drink,Jfc International Inc.,9.5
france,07812208,Canada Dry,Canada Dry,0.0
france,5449000286192,Sprite,Sprite,7.9
france,3560071263584,Oh Fruits Saveur Pamplemousse Citron,Carrefour,4.8
france,5000112653793,Lemon & Mint,,4.4
france,3760336420091,Sapristi citron,,4.5
france,3168930170457,7UP saveur citron & citron vert 10% offert 12 x 33 cl,7UP,4.6
france,5745000218523,Cari-Sun & bubbles cerise,,8.0
france,3665676000869,Sprite,Sprite,8.8
france,7640115250995,Limonade Orange,Coop,10.0
france,8691381000127,Beypazari Limonlu Soda,,6.5
france,4105960003903,Deit Citro,Deit,0.0
france,3760045170010,Limonade Artisanale Elixia,Elixia,7.2
france,3760045170034,Elixia Limonade Myrtille (750ml Flasche),Elixia,7.2
france,3760043800278,Limonade Artisanale Bio,Le Père Defrance,9.1
france,8002270556531,"Sanpelleg. Limonata 0,33 L. Pant DK",San Pellegrino,7.8
france,0011152431680,Kimura ramune watermelon flavor carbonated soft drink,Kimura,5.5
france,0012000504082,Mountain dew soda,Mtn Dew,13.0
france,8018005981585,Limonata di sicilia,Polara,11.483267889695
france,4060800139672,Miranda,Pepsi,9.4
france,3256226900779,Cola zero,U,0.5
france,3800477251595,coeur de dragon,L'ÉLIXIR DES TROIS SORCIERS,8.5
france,8717953274748,G & T - Gin tonic flavour,Sir James 101,9.0
france,5060334349973,Laimon Fresh Sparkling Lemon-Lime & Mint Drink,,10.8
france,3256860702074,Limonade bio,Liness,8.6
france,3256860700506,Tonic de Lisbeth,Lisbeth,9.0
france,3257980617071,Limonade,Patrimoine gourmand,9.0
france,3257980698193,Tonic 1 Litre Et Demi 1 Litre Et Demi,Cora,7.3
france,0862284000073,Ginger Brew,,9.8591549295775
france,26018010,Tonic Water,River,19.0
france,4337185148880,Zitronen Limetten Geschmack,Kaufland,0.0
france,0000040608754,"Pepsi, Nouveau goût !",Pepsi,10.4
france,0000007020254,Root Beer,A&W,0.0
france,7610867031616,Zero,Vivi Kola,0.1
france,90418914,Sprite,Sprite,6.6
france,7350042716586,Vitamin well upgrade,Vitamin Well,4.2
france,3250391888023,Look Cola Zéro,Marque Repère,0.5
france,3292090000061,Sprite,Coca-Cola,2.0
france,4020655026008,Hornecker Cola-Mix,Hornecker,9.9
france,5449000085474,"Fanta Passion 1, 5L",Fanta,10.9
france,3168930175957,Pepsi Max Zéro sucre,Pepsi-Cola,0.0
france,3156140711171,Limonade voila,,7.5
france,20362584,Freeway Agrumes,Freeway,6.5
france,8690504513100,Cola turka,Ülker,5.1
france,3168930170815,Eau aromatisée,Lipton,0.0
france,5449000317698,Sprite sans sucre,Sprite Zero,0.0
france,3250393427442,Pep's saveur agrumes,,0.5
france,5449000219251,Coca,Coca-Cola,0.0
france,5000112595642,Urge With Carbos,The Coca-Cola Company,11.2
france,0069000154939,Mtn Dew Baja Blast,Mtn Dew,12.4
france,8018005827050,Limonata,Polara,10.5
france,8018005827029,Arancia Rossa,Polara,11.0
france,3522552236883,Limo’s,,7.6
france,0079581184065,Calypso tropical mango,Calypso,12.0
france,3551720202955,Agrumade bio artisanale,LORINA,7.6
france,3551720203594,Limonade,Lorina,8.0
france,06790608,Diet Coca-Cola,Coca Cola,0.0
france,5740700982965,Coca-Cola Zero Sugar,Coca-Cola,0.0
france,8801069412986,Sparkling Strawberry & Cream,Chupa Chups,11.9
france,5449000295682,Fanta #whatthefanta,Fanta,0.1
france,4025127096053,Vitamin booster,Ganic,4.4
france,42274056,Ginger Ale,Stardrink,9.1
france,3560071225643,Cola zero*,Carrefour,0.5
france,5449000295699,#what the fanta,Fanta,0.0
france,3124480194497,Schweppes pamplemousse touche de romarin,Orangina Schweppes,4.4
france,8801069413136,Sparkling Grape,Chupa Chups,11.9
france,5054267010727,Lucozade,Lucozade,4.5
france,8003170026957,Cola,Conad,0.0
france,5449000005151,Sprite,The Coca-Cola Company,1.9
france,1004262770007,Vintersaga (yulmust),IKEA,8.3
france,8032919465030,Il nostro chinotto,Lurisia,14.3
france,80145455,Lemon soda la limonata solo da limoni italiani,Freedea,13.0
france,8057192000709,Limonata Italiana,Terme di Crodo,12.0
france,8002270646560,San Pellegrino Chino' ML,San Pellegrino,10.0
france,3560070577491,Saveur agrum' zero,Carrefour,0.5
france,40907000,Coca Cola,Coca Cola,10.6
france,5000112556247,Coca Cola Zero,Coca-Cola,0.0
france,8002270416583,SAN PELLEGRINO Bois pétil jus d'orange et de figue de Barbarie 6x33cl,San Pellegrino,8.3
france,8014396002458,Schweppes Limone,Schweppes,11.4
france,3560071420819,Cola,Carrefour,8.4
france,3250393181382,Look Limonade,Look,7.0
france,5022019170111,Limonade au jus de citron pressé bio,Belvoir Farm,7.5
france,3760255150413,La limonade Mona,Mona,4.6
france,8414100364443,Pink tónica rosa,Schweppes,4.3
france,3760009534261,Yaute Cola,Yaute Cola,9.7
france,3760198300715,Limorange,Biercors,10.0
france,5011835102772,Organic Sparkling Ginger,whole earth,7.6
france,5000382102458,IRNBRU XTRA,Barr,0.0
france,3760198300845,Limonade pur citron bio,Biercors,8.0
france,5900497312004,pepsi,pepsico,11.0
france,5410221333088,Gini Lemon Zero,Gini,0.6
france,5449000016454,Coca Cola Coke Zero 375Ml,Coca-Cola,0.0
france,3278732202222,Coca Cola Zero,Coca-Cola,0.0
france,5449000205551,Lima-Limão,Sprite,2.0
france,5449000286291,Sprite Goût Original,Sprite,7.9
france,3290352013156,Cot grenadine,Chan Ou Teung,7.5
france,3168930159834,7UP Cherry 33 cl,7UP,10.2
france,5032678003118,Limonade english elderflower,Franklin&Sons,4.9
france,3551720202924,Limonade bio artisanale,Lorina,8.4
france,0079581184096,Calypso,king juice company,12.0
france,0016229004507,"Foco, basil seed drink",Foco,12.57
france,5601045300022,Guaraná,Antarctica,10.0
france,9120008992129,Bio cola,Hollinger,9.5
france,9300624008316,L&P Lemon & Paeroa,,10.8
france,8002270776588,San Pellegrino citron,San Pellegrino,8.9
france,5712862017076,Pink lemonade citrus,,9.0
france,3700238353738,Limonade,,9.0
france,3560071225612,Cola,Carrefour,7.9
france,3256860205964,Limonade citron,Vallée Noble,7.4
france,4260231223258,Fanta Strawberry & Kiwi,Pepsi,10.2
france,06746500,Sprite,Sprite,10.8
france,3760153400610,limonade bio,,5.9
france,3700238324806,Limonade bio,,8.0
france,0049000062823,Strawberry,Fanta,12.957746478873
france,4056489236993,Saveur agrumes,Lidl,0.3
france,3256228122056,Cola Classic,U,6.4
france,3245411444907,Limonade,,7.4
france,0012000002489,Pepsi Cola Drink -,Pepsi,11.0
france,4066600300458,Spezi,Paulaner,9.2
france,0025000040788,"Light lemonade, light",Minute Maid,0.83
france,3560071225674,Cola zero sin cafeína carrefour,Carrefour,0.5
france,01282609,Cola,Pepsi,11.55
france,5352201082060,Kinnie,Kinnie,9.8
france,3124480170132,Schweppes Agrum',Schweppes,5.7
france,4060800144874,Energy refresco lima limon,Mountain Dew,0.1
france,8018005301239,Spuma,Polara,12.0
france,5285002562939,Boisson gazeuse arôme grenadine,,12.6
france,4902102147163,Japanese Super Mario Edition,Coca-Cola,11.3
france,18715835,Limonade au sucre de canne,Lidl,7.4
france,8450702000006,Breizh cola,,10.6
france,0745760973552,Limonade artisanale,,5.439
france,4902494210186,HATA,,10.0
france,3770025616032,Kola artisanal,BEUK KOLA,10.96
france,5440000029444,Coca cola sans sucre,Coca-Cola,0.0
france,05675612,Fanta,Fanta,0.1
france,3760055364713,Framboise & pêche des vignes,Spunky,3.49
france,5449000102423,What The Fanta,Fanta,0.0
france,5449000233356,Sprite sans sucres,Sprite,0.0
france,5449000099631,Tropico fraise kiwi,Coca-Cola,5.8
france,3770015265813,Limonade,,6.0
france,8002270666643,CHINOTTO,San Pellegrino,10.0
france,8720354477885,Bubbelsap appel boisson petillante pomme,Hema,9.5
france,8718858615476,Unicorn watermelon fruitdrink,,1.2
france,3264280017036,Limonade Myrtille,,6.9
france,4007892014036,Guaven Limonade,,7.3
france,0090478000824,Grapefruit,Jarritos,9.0
france,8606108536377,Jaffa lemonade,,8.2
france,3168311883303,Limonade à la myrtille,,7.0
france,7640169270079,Limonade 2598 CITRON & LIME,Sembrancher,4.5
france,0102081301,Coca cola,Coca-Cola,1.0
france,2006050060085,Cola Classic,,0.0
france,8002270996795,Limonata,San Pellegrino,8.0
france,3257981934269,Cola,Cora,10.5
france,3258561300733,Pulpé light,Belle France,1.6
france,3258561300795,Diabolo Grenadine,Belle france,9.0
france,3258561300870,Cola Sans Caféine,Belle France,0.25
france,3258565300791,Soda citron,EP Ecoprix,0.3
france,3258561300801,Lemon lime,Belle France,7.1
france,3258561300931,Soda Orange,Belle France,8.5
france,3263855091761,Limonade,Le prix gagnant,0.3
france,3263855094885,Soda agrume,Leader Price,8.0
france,3263855096346,Limonade Bio,Leader Price,7.4
france,3263859284114,Soda Orange,Leader Price,9.4
france,3263859284015,Cola,Leader Price,7.3
france,3271330013696,Limonade,,7.5
france,3271791424802,Vaval tropic,Vaval,13.0
france,3271330030648,Cat tonic,,8.2
france,3274490972476,Fizz Limo Bio,Fizzy,9.0
france,3274490976689,Fizz cola bio,Fizz,12.0
france,3278732201331,Fanta Orange,Fanta,6.4
france,3289092001790,Schweppes Indian Tonic,Schweppes,5.8
france,3289092001783,Jus aux saveur de noix de Coco,Schweppes,6.3
france,3289196810021,Limonade Bio au Jus de Citron,Vitamont,8.25
france,3290350000158,Portello,Chan Ou Teung,8.2
france,3290353013339,Boisson rafraîchissante aux arômes citron,Cot,7.5
france,3292090135244,Coca-cola zéro 2L,Coca-Cola,0.0
france,3292090179224,Original taste,Coca-Cola,10.6
france,3292090335194,Orangina tropical,ORANGINA,9.4
france,3292481210062,Limonade Artisanale,Rième,8.0
france,3292482220015,La Mortuacienne Citron,REINE DES LIMONADES,7.99
france,3292482220046,La Mortuacienne Pamplemousse,La mortuacienne,7.9
france,3292482520016,Limonade citron,la mortuacienne,8.2
france,3292090000368,Royal Soda Arome Kampane,Royal Soda,10.4
france,3292090141221,Coca Cola,COCA-COLA,10.6
france,3292481210031,Limonade la Mortuacienne,Rième Boissons,6.9
france,3305140001502,Limonade,A.Vogel,8.4
france,33113333,Coca cola,Coca-Cola,11.0
france,3344440010586,Cola,,7.1
france,3350031660634,Limonade,Monoprix,7.6
france,3348630002047,Orangina Zéro,Orangina,1.2
france,3348630002702,Boisson gazeuse rafraîchissante aux fruits,Orangina,9.5
france,3348630008032,Sprite,Sprite,10.2
france,3350033378445,Ginger Ale,Monoprix,7.5
france,3410280022604,Soda Goût Orange,Top budget,0.5
france,3468570601312,Orange,Pschitt!,8.5
france,3468571030647,Agrumes,Pschitt!,8.0
france,3473710041040,Limonade,Blanc,9.0
france,3484700007861,Breizh Cola,Breizh Cola,10.6
france,3484700007946,Breizh Cola,Breizh Cola,10.6
france,3484700007977,Boisson gazéifiée à l'arôme naturel de cola avec autres arômes naturels avec édulcorants,Breizh Cola,0.5
france,3484702000006,Cola,Breizh Cola,9.3
france,3484700007823,Breizh Cola,Breizh Cola,9.3
france,3484700446585,Breizh cola,Breizh Cola,10.6
france,3502110002655,Pepsi Max (zéro sucres),Pepsi,0.0
france,3502110002884,Mirinda Boisson gazeuse goût fraise 2 L,Mirinda,12.0
france,3502110004192,Mirinda Boisson gazeuse goût fraise 33 cl,Mirinda,12.0
france,3502110006318,Pepsi,Pepsi,10.9
france,3502110007377,Pepsi,Pepsi,10.8
france,3502110007636,7up mojito,7UP,0.0
france,3502110009166,Pepsi Max ginger,Pepsi,0.0
france,3502110010490,"Pepsi Zéro sucres 5 x 1,5 L + 1 offerte",Pepsi,0.0
france,3502110010551,Pepsi,Pepsi,10.9
france,3502110003089,Pepsi Max (zéro sucres),Pepsi,0.0
france,3502110005052,7Up,7UP,10.4
france,3502110005311,Boisson 7up goût cerise,7UP,10.0
france,3502110005922,Lipton Ice Tea saveur pêche 2 L,Lipton,4.5
france,3502110007339,7UP saveur mojito format 2 L,7UP,7.0
france,3502110009289,7UP Lemon Lemon Citronnade gazeuse citron,7UP,4.4
france,3502110117779,Pepsi Next,Pepsi,7.4
france,3522522548732,Limonade,,7.6
france,3533620240374,Dr Peper,Dr Pepper,10.1
france,3546530003533,Paris Cola,Paris Cola,10.9
france,3551720003941,Limonade artisanale,Lorina,8.4
france,3551720037335,Limonade Citron Bio,Lorina,9.2
france,3551720039704,In citron & verveine,In Freshhh,3.9
france,3551720021792,Limonade Artisanale,Geyer Frères,9.0
france,3551720026384,Lorina,Lorina,7.9
france,3551720029262,Citron de Sicile,Lorina,7.9000000953674
france,3551720036659,Citron soda artisanal,Fabriqué En France,9.0
france,3560070357802,Grand Jury,Grand Jury,8.9
france,3560070566433,Saveur Agrumes,Grand Jury,6.1
france,3560070692712,Cola Zero,Carrefour,0.0
france,3560070823727,Cola Zero,Carrefour Discount,0.0
france,3560070824694,Cola,Carrefour,8.4
france,3564700002681,Jean's - Pur sensation cola,Jean’s,9.5
france,3564700002698,Soda Cola,Jean's,9.4
france,3564700043134,Cola - 4 x 50 cl UNITÉ,Marque Repère,9.5
france,3564700366844,Jean's Tonic,Jean's,8.5
france,3564700364789,Pulp'orange light,Marque repère,1.5
france,3564700366530,Soda Jean's Cola,Jean s,9.5
france,3564700367742,Jean's Tonic,Jean's,8.5
france,3564700452417,Lemon Lime,Jean's,7.5
france,3564700813898,Sprink’s citron,Sprink's,8.3
france,3564700813751,Sprinks,Sprink's,7.0
france,3564700813850,Sprink's Agrumes,Sprink's,8.5
france,3564700874479,Soda pomme,Marque Repère,6.8
france,3564980030008,Human Cola Regular Pet,CARREFOUR MARKET,11.0
france,3564980100008,U.man Cola,U-MAN COLA,0.25
france,3582740001129,Cola´rdèche,Brasserie du Mont Blanc,9.5
france,3585262001035,Limonade Barbe a papa,La Gosse,9.0
france,3590590095052,Boisson Pétillante Saveur Orange,Finesse des Vergers,8.2
france,3608330036859,Orange,Sun,1.2
france,3660992004676,Pulpé Orange,Bien Vu!,5.3
france,3700238351680,Limonade Artisanale Violette,Jean d'Audignac,8.0
france,3700640600017,Soda Tassili pomme verte 2l,El Morjane,0.0
france,3700640600024,Soda Tassili orange 2l,El Marjane,0.0
france,3760017390194,Pétillant de Fleurs de Sureau,La Reinette Verte,8.460000038147
france,3760023250116,Limonade,Mont Blanc,8.49
france,3760045170065,Elixia Limonade Cerise Griotte,Elixia,7.2
france,3760045175022,Limonade Fraise Des Bois,Elixia,7.2
france,3760065700228,Limonade,Brasserie D’olt,5.4
france,3760077521095,Limonade,P'tit quinquin,6.05
france,3760077521255,Limonade au cola pur sucre,P tit quinquin,9.22
france,3760079798624,Monster Alarm,Capri-Sun,18.2
france,3760096360064,Tropi raisin,Tropi,11.6
france,3760096360101,Soukous grenadine,Soukous,11.9
france,3760111100262,Jus de pomme pétillant,Vergers de vendee,12.0
france,3760126831342,Coca cola zero,Coca-Cola,0.0
france,3760126831366,Coca Cola ORIGINAL TASTE,Coca Cola,10.6
france,3760133823507,Auvergnat Cola,Bougnat,8.4
france,3760133823491,Auvergnat Cola,Le Bougnat,10.9
france,3760157210178,Limonade,Maiso Savoure,10.1
france,3760157210024,Limonade,La Beauceronne,7.6
france,3760186971057,Fresh Bio Orange,Fresh Bio,9.8
france,3760194923000,Limeuh Bio,Solibulles,9.6
france,3760205590009,Crazy Tiger - Original,Crazy Tiger,4.4
france,3760194920085,Meuh Cola Roseline,Solibulles,9.6
france,3760194923444,Limeuhnade citron,Solibulles,9.6
france,3760228290160,Limonade,La Séquère,7.4
france,3760251180018,Tahitian Cola,,10.0
france,3760251180001,Tahitian Cola,La Brasserie du Pacifique,10.4
france,3760259621537,Limonade,Mira,8.75
france,3760259621520,Le cola,Mira,10.0
france,3760271630012,Zam Zam Cola,Zam Zam,10.4
france,3770002950142,BERRY COLA,Berry Cola,9.0
france,3770004842001,Limonade orange douce,Javoue,9.5
france,3838999151222,Multi Sola multivitamines  1.5,Pivovarba,11.0
france,4000140702501,Dr Pepper,Dr Pepper / Seven Up,6.8
france,4000140012150,,Orangina,10.3
france,4000140700583,Wild Berry,Schweppes,9.0
france,7565656848565,Coca Zero,Coca-Cola,0.0
france,5022032133599,Pink lemonade,Whittard,94.0
france,3168930159742,Pepsi Zéro Sleek 33 cl,Pepsico,0.0
france,7131613678706,sanpellegrino aranciata rossa,SANPELLEGRINO,8.8
france,4000140705625,Dr pepper,Dr Pepper,6.8
france,86933148,Frutti,uludag,8.1
france,0812468000450,Bull's Head Root Beer,,10.5
france,3760126831434,Coca cola,Coca-Cola,10.6
france,21107443,Fanta Lemon,Asda,0.0
france,8594003849589,Kofola,kofola a.s.,8.0
france,0025000058011,Minute Maid Lemonade 20 Oz,Minute Maid,67.0
france,5449000220585,light taste,Coca-Cola,0.0
france,3564706592018,Clear cola,Marque Repère,8.4
france,06880996,Coca Cola,Coca-Cola,10.6
france,90061318,Coca Zéro,Coca-Cola,0.0
france,4099200414041,limonade,flirt,8.4
france,0078000148466,CANADA DRY DIET GINGER ALE,Canada Dry,0.0
france,5000112560664,Nestea pêche,Nestea,7.8
france,12047567,Gentlemen's soda,three cents,10.9
france,5201256051005,Gentlemen's soda,Three Cents,10.9
france,3257984011578,Cola zero cerise,Cora,0.0
france,3760244270207,Limonade,Brasserie des Trois Becs,8.0
france,5060108452267,Cucumber Tonic Water,,4.8
france,4260243040508,Lemonade tropical cocos,,14.0
france,8431876109634,Saveur citron citron vert,Carrefour,0.5
france,3770011385201,Deliscus,Deslicus,5.3
france,8424240003591,Kuyx Light - Tropical,La Flor De Yebenes,0.0
france,8002270526473,L'arancita Amara,San Pellegrino,8.6
france,8433329040235,Limonada,El Corte Inglés,12.0
france,3770002575116,Lime drink,ESPRY,0.0
france,4712966540167,Ocean bomb,,10.0
france,0016300166483,Lemonade,,47.0
france,7440500131843,Coca cola zero 2L,Coca-Cola,0.0
france,4060800150622,Pepsi,Pepsi-Cola,10.7
france,54007598,Finley cucumber tonic,Finley,7.9000000953674
france,8000845065457,,Fonti di Crodo,12.0
france,8001620015124,Prima Spremitura Limone,San Benedetto,6.0
france,8002270027949,Chinotto Original En Bouteille x6,San Pellegrino,10.0
france,8002270106606,Limonata,San Pellegrino,7.8
france,8002270736575,L'aranciata Amara,San Pellegrino,8.6000003814697
france,8002270896521,Sparkling Fruit Beverages Chinotto Can,San Pellegrino,11.1
france,8002270025617,Sanpellegrino orange,San Pellegrino,8.7
france,8002270146503,San Pellegrino Limonata,San Pellegrino,4.7
france,8002270156526,San Pellegrino Aranciata,San Pellegrino,4.7
france,8002270766572,,San Pellegrino,25.0
france,8002270856501,Limonata,San Pellegrino,8.9
france,8002270896569,Old tonic,San Pellegrino,9.0
france,8014396001024,,Schweppes,10.0
france,8018005111012,Bitter. cl. 10x6 Biz Rosso Pola,Polara,13.0
france,8055965021005,Limonade Gassosa,,11.0
france,8410261626116,Citronade light,Don Simón,4.8
france,8414100301448,Schweppes,Schweppes,0.0
france,8414100306559,Ginger ale,Schweppes,4.6
france,8414100357100,Limón original,Schweppes,6.0
france,8427406014233,Limonada,Cal Valls,11.6
france,8435185945853,Schweppes lemon mint,Schweppes,7.8
france,8435185956361,Orangina Shake the Pulp,Orangina,8.9
france,8437013873017,Limonada + Jengibre,Linda,0.0
france,8480010001877,Refresco sin gas manzana,Eroski,5.9000000953674
france,8480017561367,Soda agrumes Dia,Dia,7.6
france,8480017078872,Cola zero,Dia,0.01
france,8480017132468,Limonade artisanale,Dia,8.0
france,8594003849602,Limonáda Kofola original,Kofola,8.0
france,8606003342813,Pepsi,Pepsi,10.6
france,8690504519904,Lemonade,,13.3
france,8690723163407,Uludag Gazoz,,21.3
france,8713300069463,Taksi,,7.8
france,8717700002105,Refresco de lima limón sin colorantes y sin aromas artificiales,7 Up,7.3
france,8718692615755,Cola Sparkling drink mix,Sodastream,5.4
france,87311327,Royal Club Ginger Ale,Royal club,9.4
france,8801056041298,Guava flavour,Lotte,10.2
france,9002490239305,Organics tonic,Red Bull,8.8
france,90331060,Coca Cola Light Limon,Coca-Cola,0.0
france,90357725,Coca-cola zéro,Coca-Cola zero,0.0
france,90491429,ViO BiO Limo Limette Und Gurke,coca cola,8.0
france,90338243,Coca-Cola original taste,Coca-Cola,10.6
france,9311493002220,Bundaberg Non Alcoholic Ginger Beer,Bundaberg,10.8
france,9555589205519,Fanta lychee,Fanta,11.3
france,0088009901016,Coca cola sans sucre,coca cola,0.0
france,3760256180006,Hély,Hély,8.8
france,8437015178004,Qyuzu-tonic-200ml-with Pure Yuzu Juice-germany,Qyuzu,8.0
france,4038745602612,Limonade d'estragon,,12.4
france,4056489010104,,Freeway,4.8
france,7310401003306,Schweppes indian tonic,Schweppes,8.9
france,3551720039971,Pink lemonade,Bill's,7.4
france,5902403131075,Dingoo Cola,,0.0
france,8437011767004,Bebo vida cola light,,0.0
france,5949000013045,Pepsi,Pepsi,11.05
france,5449000065247,Fanta Fraise,pepsi,10.1
france,9501100007018,Imperial tonic,Imperial,8.39
france,5000112563313,"Coca Cola Light Plus, Lemon C",Coca-Cola,0.0
france,5449000096111,Schweppes Tonic Water 200ml 1Ea 200 ML,Schweppes,8.9
france,0069000040508,Root Beer,Mug,12.1
france,3124480182760,Schweppes tonic,Schweppes,5.8
france,0851694003750,Spectacular Ginger Beer,,9.009009009009
france,0088009901344,Coca Cola Framboise,Coca-Cola,7.2
france,4056484330917,Freeway limonade,Freeway,7.4
france,7629999042254,Lausanne Orange limonade artisanale bio,les pétillantes,6.0
france,7750182003339,Inca Kola,Coca Cola,10.5
france,54295117,coca cola framboise,Coca-Cola,0.0
france,3760029981021,Limonade,Ninkasi,8.4
france,3760029981007,Ninkasi cola,Ninkasi,10.9
france,5449000283559,Tropico Citronnade,Tropico,5.6
france,5449000090997,Fanta 1L,Fante,6.5
france,3551720200159,Limonade,Lorina,7.4000000953674
france,8692813004157,Soda au citron,,9.0
france,3256227093777,Cola classic,U,7.1999998092651
france,5449000286864,What The Fanta ?,Fanta,0.4
france,5449000286901,Fanta What The Fanta,Coca-Cola Company,0.4
france,3551720201354,aromatisée aux fruits de France citron,lorina,5.7
france,3760096020173,Limonade,,10.4
france,0016229901226,Lychee Drink,Foco,11.0
france,0025000047244,Fruit Cooler Lemonade,Minute Maid,10.0
france,0049000040869,Coca-Cola zero sugar,Coca-Cola,0.0
france,0049000049930,,Coca-Cola,10.6
france,00557047,Indian tonic water,Marks And Spencer,4.8000001907349
france,00557108,Diet lemonade,M&S,0.1
france,0069000147344,Mtn Dew Voltage,Mtn Dew,12.9
france,0074601176167,Limonade Japonaise Ramune Goût Framboise,Ramune,17.0
france,0078000050837,Cherry rc,,12.394366197183
france,0078000083316,Dr pepper diet,,0.0
france,0079581995104,Calypso,Calypso,11.759999432141
france,0079581995210,Paradise punch lemonade,Calypso,11.81
france,0088009270617,SCHWEPPES LEMON,Schweppes,13.0
france,0088009290639,Framboise,Fanta,13.0
france,0088009770612,Coca cola zero,Coca-Cola,0.0
france,00802864,,Marks & Spencer,8.4
france,0090478410104,Mango Natural Flavour Soda,Jarritos,9.46
france,0099482439286,Flavored soda,365 Everyday Value,11.55
france,02501808,With Raspberry,Simply m s,10.588235294118
france,0620221200012,Cane Sugar Soda,Jones,9.2957746478873
france,0627843438458,Ginger,1642 Sodas,6.7
france,0620221200036,Cane Sugar Soda,Jones,9.86
france,0620221200357,Cane sugar soda,,9.86
france,0634158821479,Bulk Deal 24 X Dalston Dalston's Real Lemonade 275ML,Dalton’s,5.5
france,0746742001034,Green River Diet,Green River,0.0
france,0786162002976,"Vitamin water, vitaminwater zero squeezed, lemonade, lemonade",Glaceau,0.0
france,0851694003767,Spectacular Ginger Ale,,6.3063063063063
france,13963668,Coca-cola Zero,Coca-Cola,0.0
france,2000000000394,Orangina,Orangina,10.2
france,2000000003782,Moyen Coca Cola Light,McDonald's,0.0
france,2000000003786,Fanta Orange,Fanta,9.0
france,20023034,Freeway Lemon,Freeway,10.3
france,20044916,Limonade,Freeway,8.2
france,20023027,Cola light,Freeway,0.8
france,20066390,Tonic,Surf,7.9
france,20229108,Cola Zero,Freeway,0.1
france,20543341,Orange,Freeway,9.6
france,20534981,Apfel-Kirsch,Solevita,6.1
france,20543358,Orange,Freeway,9.6
france,3660668005846,Limonade,,8.3999996185303
france,0049000050134,Caffeine free coke,Coke,0.0
france,5201171003905,Cola Light With Stevia 330ML Free Sugar,Light & Free,0.0
france,8002270066535,S. pellegrino Lemon Juice 330ML,San Pellegrino,8.9
france,5060108451673,Tonic Water Elderflower,Coop,4.7
france,9313820001050,Pepsi max vanilla,Pepsi,0.0
france,2907887002463,Coca cola bouteille,Coca-Cola,10.6
france,3760045170058,Limonade artisanale Mirabelle,Elixia,7.2
france,0647613011407,Sparkling soda,Lorina,9.58
france,8001620012451,Zero Limone (San Benedetto),San Benedetto,0.4
france,5400141039955,Iced tea Peach,Boni,7.7
france,7613036844710,Perrier & Juice aux jus de Citron & Goyave,Perrier,3.7
france,5449000155986,Coca-Cola,Coca-Cola,10.6
france,5029396001243,Oriental Yuzu Tonic,Fentimans,4.9
france,0049000078886,Coca-Cola zéro orange&vanilla,Coca-Cola,0.0
france,0033919450000,Pack Bière Au Beurre Harry Potter X4,Elying Cauldron,30.0
france,3279060013320,Soda  au citron,,8.8
france,3546530003571,Paris Cola,,10.9
france,8718692615762,Sodastream Sodamix Classic Diet Cola Flavour.,Sodastream,0.0
france,0016571911225,Black Raspberry Sparkling Ice,Sparkling Ice,0.0
france,0012000140945,Mtn Dew,,46.0
france,3249290001350,Limonade,,7.4
france,8690723413601,Uludağ Gazoz,,8.5
france,3585262604052,Limonade,La Gosse,8.0
france,3551720042629,Limonade artisanale,Geyer Frères,7.4
france,3585262908068,Soda d'antan aux arômes naturels - Pamplemousse rosé,La Gosse,8.0
france,4005906004110,"Getränk, Johannisbeer",Adelholzener,3.8
france,5449000256379,Fanta Orange Zero,Fanta,0.40000000596046
france,7613413576005,Happy Cola Zéro,Happy Cola,0.0
france,20768645,Agrumes,Freeway,7.1
france,27002766,Limonade Agrumes,River,11.8
france,3080216043937,Twist au jus de citron,Tourtel,5.1
france,3092718612580,Cola,Teisseire,3.5
france,3092718617356,Limonade,R Whites,3.7
france,3119070064359,Limonade des neiges,Ogeu,7.8
france,3119070059119,Sowest Cola,Ogeu,10.6
france,3124480000378,Canada dry,Canada Dry,5.7
france,3124480001207,Schweppes Indian Tonic,Schweppes,8.7
france,3124480001702,Schweppes Indian Tonic,Schweppes,5.7
france,3124480157317,Dark Side Premium Cola,Schweppes,6.4
france,3124480159090,Indian Tonic - Boisson gazeuse rafraîchissante mini canette,Schweppes,5.8
france,3124480159113,Indian Tonic,schweppes,5.8
france,3124480162779,Orangina,Orangina,9.8
france,3124480171450,Schweppes Indian Tonic 25cl,Schweppes,5.8
france,3124480177384,Pomme cassis framboise,Orangina,8.0
france,3124480177537,Schweppes Mûre,Schweppes,6.3
france,3124480182623,Schweppes Agrum' Zero,Schweppes,0.3
france,3124480183927,Schweppes lemon,Schweppes,5.6
france,3124480184429,Miss O!,Orangina,1.2
france,3124480184993,Virgin Mojito,Schweppes,9.3
france,3124480185662,Schweppes Agrum' Zero,Schweppes,0.3
france,3124480186867,Virgin mojito,Schweppes,9.3
france,3124480189455,Dr Pepper zero,Dr. Pepper,0.0
france,3124480002174,Schweppes Lemon,Schweppes,6.2
france,3124480151414,Indian tonic -,Schweppes,5.8
france,3124480159076,Boisson gazeuse rafraîchissante aux fruits,Orangina,10.0
france,3124480171429,Schweppes Agrum',Schweppes,5.7
france,3124480173652,Boisson gazeuse rafraîchissante saveurs fruits de la passion,Schweppes,6.2
france,3124480177377,Schweppes Pomm',Schweppes,6.79
france,3124480177414,Bad Jack,Orangina,7.8
france,3124480177551,Schweppes Mandarine,Schweppes,6.3
france,3124480182159,Schweppes Zero Exotic,Schweppes,0.0
france,3124480182364,Indian tonic,Schweppes,0.0
france,3124480182630,Agrum' aux saveurs de 4 agrumes,Schweppes,6.6
france,3124480182739,Indian tonic,Schweppes,5.8
france,3124480183217,Agrum' aux saveurs de 4 agrumes,Schweppes,6.6
france,3124480183903,Schweppes agrum,Schweppes,6.6
france,3124480184658,Indian Tonic,Schweppes,5.8
france,3124480184696,Agrum',Schweppes,6.6
france,3124480184771,Virgin Mojito,Schweppes,9.3
france,3124480187437,Virgin Mojito Slim,Schweppes,0.0
france,3174780000288,Coca-cola,coca-cola,10.6
france,3174780007157,Brut de pomme - fines bulles,Orangina Schweppes,6.5
france,3222471090039,Cola light,Casino,0.1
france,3222471131701,Tonic,Casino,7.9
france,3222472708308,Pué orange zéro,Casino,1.2
france,3222471131992,Lemon lime,Casino,9.0
france,3222473155842,Pulpé - Orange sanguine,Casino,9.0
france,3222474215378,Tonic,Casino,7.9
france,3222473615476,Agrumes zéro,Casino,0.0
france,3222474131326,Taurine drink,Casino,9.4
france,3222475116889,Boisson gazeuse light saveur fruits rouges,Casino,0.7
france,3245390014948,Limonade,Grand Jury,9.0
france,3245411901578,Fresh tonic,Carrefour,5.0
france,3249290001770,limon lime,stand up l'abeille,3.0
france,3249290001831,Cola,,0.06
france,3249760011902,Orangina et sa pulpe,Orangina,10.0
france,3250390006312,Look Limonade à l'eau de source,Intermarché,6.4
france,3250390050933,Look Cola,Look,10.5
france,3249290001596,Loir cola,Liger Cola,10.9
france,3249760011063,Orangina,Orangina,9.6
france,3250390601791,Limonade look,Les mousquetaires,6.4
france,3250390757481,Soda pulp zéro orange,Intermarché,1.3
france,3250390601777,Limonade 4 x,Look,7.5
france,3250391124299,Look Soda Agrumes Pet,Look,4.4
france,3250391367634,Cola one,Netto,8.5
france,3250391853397,zéro tonic,INTERMARCHE,0.0
france,3250392215422,Pep's Saveur agrumes,Netto,4.5
france,3250392215514,Cola One 1 Light,Netto,0.5
france,3254381049388,Limonade,Pschitt!,9.0
france,3256222643694,Orange Guarana,U,6.6
france,3256223010556,Tonic,U,5.4
france,3256223010600,Cola light,U,0.0
france,3256223022375,Limonade,U,5.9
france,3256224754176,Diabolo Grenadine,U,9.2
france,4014086094514,"Bio Erfrischungsgetränk, Orange Ingwer",,6.5
france,4012852204242,"Now, Sunny Orange",Lammsbräu,8.4
france,4014472278429,Cola Bio,Bionade,5.8
france,4038745603527,TAPXYH,Monolith,9.9
france,4045145295009,Die Limo Orange + Lemongras,granini,8.8
france,4045145295207,"Die Limo, Pink Grapefruit & Cranberry",granini,9.1
france,4060800172594,Pepsi max ginger,Pepsi,0.0
france,40608020,Pepsi,Pepsi,11.0
france,4102610507873,Mate sparkling mate,Mate O,5.0
france,4060800009449,Pepsi 1 L,Pepsi,4.6
france,4060800105295,Pepsi Max,Pepsi,0.0
france,4060800109781,Sparkling Lemon & Lime Drink,7up,7.0
france,4060800145642,Pepsi Max Cool Lemon,Pepsi,0.1
france,4060800159816,Pepsi Max Cherry,Pepsi,0.04
france,40608037,Pepsi-cola,Pepsi,11.0
france,4102610507088,Maya Mate,Rhodius,5.0
france,4260310550251,bitter lemon,Thomas Henry,9.3
france,42143826,Lemon (Sprite),Freeway,9.1
france,4260427290019,Star Wars Space Punch,Drink Departement,1.0
france,4260310553818,Tonic water,,9.3
france,4630001590260,Ascania limonade fraise,Ascania Premium,12.2
france,5000112530438,Fanta Orange,Fanta,9.6
france,5000112545333,Fanta Orange,Fanta,10.6
france,5000112546873,,Coca-Cola,10.7
france,5000112582475,Coca-cola,Coca cola,10.6
france,5000112602739,Coca-Cola AVICII,The Coca-Cola Company,10.6
france,5000112609516,Coca-Cola Zero,Coca-Cola,0.0
france,5000112609677,Coca Cola bouteille,Coca Cola,10.6
france,5000112618815,Fanta Shokata,Fanta,7.1
france,5000112619386,Coca-cola,Coca-Cola,10.6
france,5000112619874,Disneyland Coca Cola,Coca-Cola,0.0
france,5000112622508,Coca  zero,Coca-Cola,0.0
france,5000112622720,Vio Bio Limo Leicht Zitrone Limette minze,,4.0
france,5000112631708,Fanta orange,Fanta,6.5
france,5000952528305,Coca cola,Coca-Cola,10.6
france,5000112533316,Boisson rafraîchissante aux extraits végétaux,Coca-Cola,10.6
france,5000112557671,Light Can,Coca-Cola,0.0
france,5000112558265,Coca-Cola Zéro sucres,Coca-Cola,0.0
france,5000112558289,Coca-Cola light,Coca-Cola,0.0
france,5000112583410,Coca cola (125 ans),Coca-Cola,10.6
france,5000112602791,Coca-Cola,Coca-Cola,10.9
france,5000112614671,Coca giroud,Coca-Cola,27.0
france,5000112615647,Boisson gazeuse - Coca cola,Coca Cola,10.6
france,5000112619379,Full 2017 Olympique Lyonnais Aluminum Coca Cola Bottle Coke Soccer France,Coca-Cola,10.6
france,5000112619997,Coca-Cola,Coca-Cola,10.6
france,5000112620047,Coca-cola,Coca-Cola,10.6
france,5000112624120,Coca zero,Coca-Cola,0.0
france,5000112624632,Coca cola,Coca Cola Zero,0.0
france,5000112624656,Coca-Cola,Coca-Cola,10.6
france,5000112626285,Coca Cola zero,Coca-Cola,0.0
france,5000289930031,GORDON'S non - alcoholic gin & tonic,Gordon's,4.8000001907349
france,5000382029816,Irn Bru,Barr,10.3
france,50107216,Cherryade Can,barr,4.0
france,5035139213538,Jamaican style Ginger,Grace,14.0
france,5022019160310,Organic Ginger Beer,Belvoir,11.0
france,5032678005969,Natural Indian Tonic Water,Franklin & Sons LTD,8.9
france,5060108450096,Premium Ginger Ale,FEVER TREE,7.1
france,5060108451918,Refreshingly Light Mediterranean Tonic Water,Fever-Tree,4.8
france,5060166696528,Rehab - Thé + Citronnade + Energy non Gazeux,Monster,2.1
france,5060337509206,Monster Energy Ultra White,Monster Energy,0.0
france,5060108450669,Madagascan Cola,Fever tree,7.6
france,5060166691530,Monster Khaos,Monster,8.0
france,5285002560010,Tamarin,Kazouza 1941,8.8
france,5201256050688,Lemon tonic,Three Cents,12.0
france,5285000325413,Seven Up,7up,11.0
france,5400601062912,Limonade tropical,365,8.9
france,54004146,Schweppes Prem. Tonic Pink Pepper 20 CL Fles,Schweppes,8.8
france,5400247061775,Grenadine,Winny,0.1
france,5410188023633,Pepsi,Pepsi,11.0
france,5410221151453,Schweppes druiven (raisins),Schweppes,6.6
france,5410221305146,Indian tonic zero,schweppes,0.0
france,5410221305320,Gini Lemon,Gini,5.3
france,5410188023619,Pepsi MAX,Pepsi,0.0
france,5410499992130,Limonade citron,Villers,7.8
france,5411831888005,Limonade,Bon Val,9.5
france,5413982300009,Bionina - Boisson gazeuse au jus d'orange,Bionina,12.0
france,5449000002853,Coca-Cola Light,Coca-Cola,0.0
france,5449000002921,Coca-Cola,Coca-Cola,10.6
france,5449000015846,Clásica refresco de cola sin cafeína,Coca-Cola,11.1
france,5449000022745,Cassis,Fanta,10.9
france,5449000051684,Coca-cola Standard,Coca cola,10.6
france,5449000052407,Coca-Cola Life,Coca-Cola,5.8
france,5449000053565,Coca Cola Light,Coca-Cola,0.0
france,5449000056689,Orange - Boisson rafraîchissante,Fanta,9.6
france,5449000121042,Dr Pepper Zero,Coca Cola,0.0
france,5449000132468,Coca light taste,Coca-Cola,0.0
france,5449000133373,Indian Tonic Water,Schweppes,4.9
france,5449000136336,Pack Coca-Cola Zero,Coca-Cola,0.0
france,5449000144874,Boisson pétillante saveur pomme,POMS,12.9
france,5449000149695,Coca cola zero,Coca-Cola,0.0
france,5449000188526,Fanta,Fanta,10.1
france,5449000204332,Finley Pamplemousse & Orange sanguine,Finley,4.6
france,5449000204417,Boisson Orange saveur cranberry,Finley,4.6
france,5449000204479,Finley Citron & Fleur de sureau,Finley,4.6
france,5449000212351,Mojito,Finley,4.4
france,5449000216854,Mint,Sprite,6.6
france,5449000223586,Coca-cola zéro cherry,Coca-cola,0.01
france,5449000226075,Coca cola light,Coca-Cola,0.0
france,5449000239822,Coca Cola sans caféine,Coca Cola,11.1
france,5449000240972,Fanta Saveur Agrumes,Fanta,0.3
france,5449000241160,Fanta Lemon,Fanta,11.0
france,5449000245816,"Fijne Bubbels Ananas, Komkommer & Muntsmaak",Finley,3.7
france,5449000464668,Coca-Cola sans caféine,Coca-Cola,11.1
france,54491274,Coca-Cola light 200ml,Coca-Cola,0.0
france,54492509,Boisson rafraîchissante aux extraits végétaux,Coca-cola,10.6
france,54492770,Coca-Cola cherry,Coca-Cola,11.2
france,5449000000712,Fanta,Fanta orange,11.7
france,5449000001177,Coca-cola bouteille en verre,Coca-Cola,10.6
france,5449000009500,Coca-Cola cherry,Coca-Cola,11.2
france,5449000016669,,Fanta,7.3
france,5449000029706,Cherry Coke 1x6,Coca-Cola,10.7
france,5449000037978,Coca-Cola light,Coca-Cola,0.0
france,5449000050212,Coca light 1.5l,Coca cola zero,0.0
france,5449000080806,Coca-Cola Zero Açúcar,Coca-Cola,0.0
france,5449000095046,Coca Cola Life,Coca-Cola,5.8
france,5449000114273,Coca-Cola Light Frigo Pack,Coca-Cola,0.0
france,5449000147097,Bio Limo,Vio,9.5
france,5449000177629,Coca cola zéro,Coca-Cola,0.0
france,5449000201324,Coca-Cola Zéro,Coca Cola,0.0
france,5449000207401,Orange cranberry,Finley,4.5999999046326
france,5449000214829,Fanta citron 33cl,Fanta,6.3
france,5449000223296,Finley Spritz,Finley,3.9
france,5449000223517,Finley Royal,Finley,4.5
france,5449000224064,Coca sans cafeine,Coca Cola,11.1
france,5449000227089,Minute Maid Citronnade,Minute Maid,3.9
france,5449000241344,COCA-COLA ZERO CALORIE STEVIA,Coca-Cola,0.0
france,5449000242082,Tonic Water,Finley,8.7
france,5602120245009,Brisa passion fruit,ECM - Madeira - Portugal,13.3
france,5708636220391,Ginger Beer Bio,Naturfrisk,8.5
france,5740800880796,Fanta Exotic,Fanta,13.2
france,5741000119020,,Pepsi,0.0
france,5902768499032,On lemon lime,On Lemon,7.0
france,5900497310505,Pepsi 0.5,Pepsi,10.64
france,5942207001563,Frutti fresh,,9.4
france,6111243860383,ice POMME,ice,9.8
france,6130093010175,Soda saveur Pomme,Ifri,12.5
france,6130093012971,Soda saveur Fraise,Ifri,12.5
france,6130695111133,Slim Orange,Hamoud Boualem,11.39999961853
france,61301795,Limonade au sucre de canne,Nature Bio,9.5
france,6194019802244,Boga Lim,Boga,10.810000419617
france,6413600016014,Jaffa sokeriton hartwall,Jaffa,0.2
france,6130093059778,Ifrisoda - Boisson gazeuse aux arômes naturels de fruits,Ifri,12.5
france,7290000284316,Coca-Cola Cachere- 1.5L- Klp -22,קוקה קולה,10.6
france,7310070124708,Pepsi,Pepsi,11.0
france,7610057027078,Sinalco Cola,Ramseier,11.0
france,7501198350418,Dr Pepper 600 ML,Dr pepper,11.0
france,7610097111416,Rivella,Rivella,9.0
france,7610097126076,Rivella Refresh,Rivella,5.2
france,7610238300921,Bitter Lemon,schweppes,9.0
france,29156917,Light Indian Tonic Water,Marks & Spencer,3.6
france,0714834004485,Buffalo wing Soda,,42.0
france,3551720204874,Tonic,Lorina,4.0
france,3760274360411,super limonade,,1.0266666666667
france,90062674,Coca cola,,10.6
france,3760057730547,Boyne cola,,10.5
france,12277728,Coca cola zero,Coca cola zero,0.0
france,3257987569076,Limonade bio,Nature Bio,7.0
france,5000112656510,Coca cola zero,Coca cola zero,0.0
france,7640169270086,Limonade 2598 MENTHE & MATCHA,Sembrancher,4.5
france,32847857,Coca cola,Coca-Cola,10.6
france,3770009345484,Le tonic à la française,,6.4
france,5902860416302,Wild Berry,Schweppes,9.0
france,3580288087711,Boisson gazeuse bio orange,,7.5
france,3551720203464,Boisson gazeuse saveur : Pamplemousse de corse,Geyer Freres,5.0
france,5942207000368,Frutti - Fresh Grapefruit,,9.0
france,3770014856371,Eau tonique,Hysope,7.5
france,3596710084487,Limonade,Auchan,0.5
france,3596710360680,Cola Zéro,Auchan,0.0
france,3596710431953,Boisson pétillante saveur piña colada sans alcool,Auchan,8.4
france,3596710462636,Boisson pétillante fruits rouges,Auchan Bio,8.0
france,8005476006923,Chinotto,Auchan,13.0
france,3560070254071,Coca light sans caféine,Carrefour,0.0
france,3560070254101,Cola extrait de Stévia,Carrefour,6.5
france,3560070345632,Limonade Carrefour Discount,Carrefour,0.1
france,3560070577439,Saveur lemon',Carrefour,6.3
france,3560070577842,Diabolo saveur grenadine aux arômes naturels Carrefour Kids,Carrefour,8.0
france,3560070824076,limonade,Carrefour,7.4
france,5400101203112,Saveur agrum',Carrefour,6.7
france,8431876002676,Saveur citron citron vert,Carrefour,0.5
france,3250391122431,Limonade a l'ancienne,Netto,7.4
france,3250392207762,Cola one,Netto,10.2
france,8230121793051,Limonade,look zero,0.5
france,3770001231297,Limonade Artisanale,brasserie du Der,5.8
france,5060061212441,100% freshly squeezed lemonade,Del Monte,2.02
france,5449000042101,Fanta fruit twist,Fanta,4.55
france,54492493,Citron,Fanta,19.5
france,3564707087346,Limonade au sucre de canne,Bio Village,9.5
france,54493438,Fanta exotic,Coca-Cola,0.0
france,54490697,,Coke,10.7
france,8414100323044,Tónica & hibiscus,Schweppes,7.9
france,5060108450263,,CUVECO AS,7.4
france,54491472,Coca Cola 500ml,Coca-Cola,10.6
france,90162909,Red Bull 250ml,Red Bull,11.0
france,40822938,Fanta Naranja,Fanta,10.5
france,54491069,Sprite Summer,Sprite,1.9
france,5449000131836,Zero Sugar,Coca-Cola,0.0
france,3564700004333,Jeans Cola classic,Jean's,9.4
france,5449000133328,Coca-Cola Zero,Coca-Cola,0.0
france,8850389103159,,Mogu mogu,11.875
france,5449000223555,Zero Sugar Zero Koffein,Coca-Cola,0.0
france,8718612002061,Blueberry White Tea,Arizona,4.9
france,8719128117256,Sirop 7up,Clas Ohlson,2.4
france,12924813,La Mortuacienne,Rieme boissons,6.9
france,3250392549190,Limonade NETTO BIO 1L,Netto,7.4
france,3560071263614,Oh Fruits Saveur Citron Citron Vert,Carrefour,4.5
france,5000112558272,Coca-Cola,Coca-Cola,10.6
france,3274080019642,Soda Citron,Steff,0.3
france,5449000004840,Fanta Orange 2ltr,Fanta,10.3
france,3551720042742,Limonade artisanale BIO,,8.4
france,96190432,Original Indian Tonic Water,The London Essence Co.,4.3
france,3124480197351,Canada Dry GingerAle,Canada Dry,5.7
france,0647613013197,Pink lemonade,Geyer Freres,12.8
france,5410221305085,Schweppes Agrum',Orangina Schweppes,5.7
france,3560070103294,Saveur Lemon Lime*,Carrefour,7.1
france,3250390006244,Tonic classic,Look,9.0
france,4005249002606,veltins Fassbrause,Veltins,5.9
france,3257981359239,Tonic,Cora,7.3
france,3257982266284,Cola zéro sucre cora,Cora,0.5
france,4335619018815,citron limonata,SAN CELESTINO,7.6
france,5000112648461,Coca Cola Original taste,Coca-Cola,10.6
france,3124480196262,Agrumes,Schweppes,0.0
france,3551720042155,Orangeade artisanale,LORINA,7.6
france,8001620001059,Ginger,Guizza,0.0
france,3770009345156,Tonic Water,,6.4
france,3254560599956,Soda pulpé orange - Goût orange,Auchan,9.6
france,8695970001014,Zafer Gazoz,,9.4
france,3124480165244,Indian Tonic,Schweppes,5.8
france,5060466511880,Nalu vert,Coca-Cola,4.7
france,3560071169640,Fresh TONIC,Carrefour,5.0
france,3770000732337,Cola,UMÀ,5.1
france,8888002076009,Coca Cola,Coca-Cola,10.6
france,4049768003904,Durstlöscher Cola Geschmack,Quickvit,11.0
france,5449000267412,Coca-Cola,Coca-Cola,10.6
france,5449000131133,Aquarius Red Peach,aquarius,7.6
france,3560071259426,Limonade,Saxo,7.4
france,5000112554359,Coca Cola zéro,Coca-Cola,0.0
france,5449000050205,Coca-Cola Light,Coca-Cola,0.0
france,5601151971666,Sumol - Ananas,Sumol,3.1
france,5425027410123,Cherry,Dr Pepper,6.8
france,5449000050809,Fanta Original,Fanta,11.8
france,5449000061294,Coca cola Life,Coca-Cola,6.7
france,1210002000833,Juicy orange,Tropicana,6.0
france,5013665112150,Organic sparkling orange & lemon,Whole earth,7.2
france,8007885761882,Gassosa biologica,Galvanina,8.0
france,8007885761967,Cola biologica,Galvanina,8.0
france,3484700007953,Breizh cola sans sucre,Breizh Cola,0.5
france,3560070254040,Saveur agrum',Carrefour,6.1
france,8018005301208,Gassosa,Polara,8.5
france,0604544630220,Street Cola,,10.6
france,7894900050011,fanta raisin,Fanta,9.1
france,5449000247872,Fanta mangue / fruit du dragon,Fanta,6.0
france,42282136,Lemonaid+ Citron vert,Lemonaid,6.0
france,0049000067729,Fanta Berry imp,Fanta,11.3
france,3760196725015,Savoie Limonade,,11.8
france,90357879,Coca Cola Zero Sugar,Coca Cola,0.0
france,1505480590007,iskub cola flavour,ikea,2.4
france,3222475745683,Cola,Casino,6.5
france,5000112637649,Fanta orange sanguine édition halloween,Fanta,0.4
france,3484702444442,Breizh Cola,Breizh Cola,9.3
france,42178231,Grapefruit light,Freeway,0.5
france,8032919465535,La Nostra Limonata,Lurisia,16.1
france,6972020770130,,,12.1
france,3179750055237,"Limonade PLANCOET, bouteille de 1,5 litre",Plancoët,7.4
france,5449000133380,Schweppes Slimline Tonic Water,Schweppes,0.0
france,3564700874615,Soda pomme cerise,Sprink's,9.6
france,3124480196149,Spritz,Schweppes,8.4
france,5449000283900,Coca-Cola,Coca-Cola,10.6
france,5000193900861,Schweppes Lemonade 2l,Schweppes,4.2
france,3502110003102,Mirinda Boisson gazeuse goût tropical 2 L,Mirinda,13.1
france,5449000162458,Coca Cola Concentré,Coca-Cola,10.60000038147
france,3124480002129,Schweppes Zero Lemon,Schweppes,0.0
france,07853001,7-up Soda Cherry,7up,10.7
france,5449000041951,Thé noir glacé framboise menthe,FUZE TEA,0.2
france,5000436882763,Lemonade,Tesco,2.8
france,5410221306754,Schweppes Russchian aux saveurs de baies sauvages,Schweppes,5.9
france,5449000214812,,Coca-Cola,0.0
france,0070847811169,Monster Energy,MonsterMonster Energy,11.9
france,3560071176457,Limonade,Carrefour BioCarrefour,5.5
france,07826405,Cream Soda,Dr Pepper,13.0
france,3573475002017,Jura Cola,Jura Cola,10.3
france,8017596011879,CHINOTTO,Blues,12.5
france,3596710471607,"Soda Mojito zéro* goût citron, citron vert et menthe",Auchan,0.5
france,42368892,Maracuja spritz,Lidl,5.9
france,3256224754183,Diabolo Menthe,U,9.0
france,7350089940562,frukt,Rscued,7.1
france,4018715004417,fruchtige Cola Mix Limo,Sinalco,8.8
france,5419980121967,Pacha zero,,0.9
france,3124480186911,Indian Tonic Zéro,Schweppes,0.0
france,5449000092038,,Fanta,10.5
france,5449000110039,"Sprite Zero 1,5L",Sprite,0.0
france,5449000318428,Hawai Tropical,HAWAI,6.0
france,4260107220015,fritz-kola Original,fritz-kola,9.9
france,42256724,Freeway Orange Zero,Freeway,0.3
france,5449000227560,,Coca Cola,0.0
france,0049000055412,Coca Cola 'zero sugar',Coca-Cola,0.0
france,3068320113593,Evian Fruits&Plantes 37cl PET Zitrone-Holunderblüte,Évian,4.6
france,3057640422843,Volvic Juicy Exotic 6x50cl PET,Volvic,4.9000000953674
france,3057640406683,Volvic Aro Zitrone-Limette 6x75cl PET,Volvic,2.3
france,3057640540813,"Volvic Limotion Zitrone & Limette 0,9L EW",Volvic,4.4
france,42390220,"Volvic Bio Coffee mit Mocca- & Zitronengeschmack 0,37L EW",Volvic,2.3
france,5352201083012,7 Up,7 Up,7.3
france,6174000001566,Top Pamplemousse Drink,Top,5.85
france,3502110008954,7UP saveur citron & citron vert format 2 L,Seven Up,4.6
france,8007885003579,Chinotto Bio,Galvanina,13.0
france,4260107228035,Fritz-Kola,Fritz-kola,9.9
france,8710398519061,,7up,0.0
france,5740700981043,Fanta no SUGAR,Fanta,0.0
france,3249760702015,Orangina,Orangina,9.8
france,8414100301141,Tónica original,Schweppes,5.8
france,4099200026190,Bitter Lemon,Spitz,11.0
france,3564700813812,Zéro Agrumes,Sprink's,0.0
france,5949000505267,7UP,,7.3
france,3596710402748,Cola cherry - Goût cerise,Auchan,8.4
france,3254560599703,Soda orange - Goût orange,Auchan,8.3
france,3596710388295,Limonade - A l'arôme naturel de citron - citron vert,Auchan,7.5
france,3124480196248,Schweppes agrumes,s.a schweppes international,0.3
france,05660106,Crush Boisson Gazeuse Orange,,12.112676056338
france,8032919465122,Acqua tonica con limone e chinotto,lurisia,10.4
france,7894900027044,Coca Cola,Coca-Cola,7.5
france,5449000283856,Coca-Cola Cherry,Coca-Cola,10.7
france,0079581185017,Calypso Pineapple peach limeade,Calypso,11.0
france,7891991000727,Antarctica Guarana Soda (diet)- Zero,Antarctica,0.0
france,5449000958938,Coca Cola Diet Coke 1.75L,Coca-Cola,0.0
france,3256228672865,Guesty saveur citron,Guesty,0.5
france,4005906404569,Active O2 Iced Berry,Adelholzener,3.2
france,3760065700266,Limonade gentiane,,5.4
france,3700029401365,Youki Pomme,YOUKI,9.67
france,8000845065440,Lemon soda zero,Freedea,0.0
france,3124480185075,Orangina Zero,Orangina,1.2
france,0020054067026,Soda,Orangina,9.6
france,3168930159865,7UP saveur cocktail exotique 33 cl,7UP,10.9
france,5060211461675,Ginger beer,GINGER,13.7
france,3249290004733,Limonade,L’abeille,2.0
france,5410221305108,Schweppes Agrumes Zero,Schweppes,0.3
france,8414100301240,Tónica zero 1l,Schweppes,0.0
france,8410494301415,Pepsi Zero Azúcar Lima,Pepsi,0.0
france,07812402,Tonic Water,Canada Dry,9.86
france,0008274000078,Extra Ginger Beer,Reed's,9.8591549295775
france,8017596067197,,Eurospin,13.0
france,8001160005159,Max zero caffeina,,0.0
france,6212201011097,pepsi,PepsiCo,9.0
france,3124480185082,Orangina zero slim,Orangina,1.2
france,40822419,Fanta Orange European,Fanta,8.0
france,5410221205170,Schweppes agrumes,Schweppes,5.73
france,3770024138290,Limonade hibiscus et mytille,,6.0
france,0760900300623,,,10.6
france,8001620012420,Ginger Zero,San Benedetto,0.0
france,3248710151408,Garçon Limonade,,8.4
france,6111252420158,PEPSI CAN,Pepsi,11.0
france,8888002065003,Tonic Water,Schweppes,4.6
france,5740700988349,,Coca-Cola,10.6
france,8809005028970,Sparkling Mango,SFC Bio,43.0
france,8809005028987,Watermelon Soda,SFC Bio,12.9
france,5449000120960,Fanta Zero Sugar,Fanta,0.121
france,5449000181596,Coca cola zero,Coca-Cola,0.0
france,8001620012437,Chinotto Zero,San Benedetto,0.0
france,3250391539901,Limonade netto,Netto,0.5
france,27077498,River Cola,River,9.1000003814697
france,8435185973184,Tonic & Pink Pepper,Schweppes,8.8
france,3770031161120,YUKI THÉ PETILLANT,,6.0
france,5449000239761,Mini coca,COCA-COLA,10.6
france,0090478000749,Lime,Jarritos,9.0
france,54491496,Diet coke,The Coca-Cola Company,0.0
france,3502110010360,7UP Lemon Lemon Citronnade gazeuse citron 33 cl,7UP,4.4
france,3502110010582,Pepsi Zéro 6 x 33 cl,Pepsi,0.0
france,0011152216805,Strawberry flavor ramune soft drink,Jfc International Inc.,9.5
france,5010251509158,Diet Ginger Ale,Morrisons,0.0
france,4100060028382,Durstlöscher,Weser Gold / riha,10.0
france,0070847015260,"Energy shake, chocolate",Monster,3.75
france,3256225718894,Soda saveur Mojito,U,7.7
france,3256225541775,Cola zéro,U,0.0
france,3257980698223,Limonade,Cora,7.0
france,3257980698209,Soda Orange,Cora,8.9
france,3770002975114,Limedrink,Limedrink,0.0
france,3439495406573,Limonade,Gilbert,7.0
france,4060800133601,7 up free,Seven-Up,0.0
france,42407836,Community Cola,Schmeck,0.0
france,3700703700357,Goyave Summer Edition,Dada,3.6
france,3174780006235,Sprite,Sprite,6.6
france,3222471090022,Cola,Casino,9.5
france,3222472708230,Limonade light arôme naturel de citron,Casino,0.0
france,3222472943556,Cola,Casino,7.1
france,3222473589647,Ginger energy,Ginseng Energy,11.0
france,3222475058097,Thé glacé pétillant Casino,Casino,8.0
france,3222475894268,Taurine drink,Casino,9.4
france,3228886000076,Lipton Liptonic l'original pétillant 33 cl,LIPTON,7.9
france,3245411901547,Fresh Tonic,Carrefour,5.0
france,3248710510106,Hamoud Boualem,Hamoud Boualem,10.0
france,3249290005136,Limonade,L’Abeille de Cholet,8.0
france,3249290003231,pulpé orange,Stand up,5.0
france,3249290043602,Open tonic,,6.0
france,3249760029686,Orangina Light,Orangina,1.2
france,3250390547235,Diabolo Menthe,Netto,7.8
france,3250390759102,Limonade,Netto,7.4
france,3250390547174,Diabolo grenadine,Netto,9.0
france,3250390562122,Lemon Lime,Look,10.5
france,3250390578994,Cola,Look,8.5
france,3250392215453,Fruitée saveur orange,Netto,6.4
france,3250392215590,Orange pulpée,Netto,10.10000038147
france,3250392193157,Lemon Lime Zéro sans sucres,Look,0.5
france,3254380000984,Citron Boisson rafraîchissante gazeuse aromatisée citron,Roc,9.0
france,3254381026907,Cola,Sans marque,9.5
france,3256220659062,Cola zéro ,U,0.0
france,3256223010211,Limonade,U,6.0
france,3256223010280,Tonic,U,5.4
france,3256223023150,Cola standard classic,U,7.4
france,3256223669037,Soda saveur orange,U,6.0
france,3256223669051,Soda saveur agrumes,U,6.5
france,3256223010266,Orangeade pulpée,U,7.0
france,3256223022399,Cola Classic U,U,7.4
france,4005906002758,Bio-Apfelschorle,Adelholzener,5.3
france,5449000005991,Fanta,Fanta,7.8
france,27004258,Limonade grenadine,River,9.9
france,8002270976636,Sanpellegrino aranciata rossa,San Pellegrino,8.7
france,3760198300555,LIMOBASILIC,Biercors,8.0
france,6194007892455,,Raoua,14.2
france,5410188033519,7Up,7Up,7.3
france,8424240003874,Kuyx Light - Ananas,La Flor De Yebenes,0.0
france,4060800104045,Pepsi Max,PepsiCo,0.0
france,5449000036957,Poms,,63.0
france,5449000227966,Sprite,Sprite,0.0
france,0051933344471,Diet cola,,0.0
france,3770000164305,Soda Leona,,6.7
france,0012000034015,"Iced tea + lemonade half & half, iced tea + lemonade",,4.51
france,5449000266569,Fanta sans sucre,Fanta,0.3
france,3502110010483,"Pepsi 5 x 1,5 L + 1 offerte",Pepsi,4.6
france,3770013672002,Limonade,,7.2
france,14307706,Limonade,Biocoop,8.1
france,20028367,Freeway Cola Light,,0.0
france,0079581995265,"Grapeberry lemonade, grapeberry",,11.39
france,56354065,Limonade Bio,,7.4
france,3289196200006,Ginger ale jardin bio etic,Jardin bio,8.7
france,3560071524487,Cola,Carrefour,9.1
france,0052548706555,7 select farmers grove lemonade,7 Select,11.176470588235
france,5449000296085,Coca-Cola,Coca-Cola,10.6
france,8801069413099,Chupa chups raspberry & cream flavour,Chupa Chups,11.0
france,4902102141536,Fanta premier orange,Fanta,12.0
france,8022966350106,Aranciata,,13.6
france,5449000092021,Fanta shokata,Fanta,6.8
france,5449000177551,Coca-Cola Zero azúcar Zero cafeína,Coca-Cola,0.0
france,5449000000774,Coca-Cola sans caféine,Coca-Cola,11.0
france,5949000012031,Pepsi,Pepsi,11.0
france,3278732202772,Soda coco,Schweppes,6.3000001907349
france,3274082002000,STEFF limonade,,0.3
france,3279060003505,Pepsi max 50,Pepsi,0.0
france,3256227760112,Cola transparent,U,6.4
france,3249760011148,Orangina et sa pulpe.,Orangina,9.6
france,6194007891083,Viva Pêche,VIVA,12.0
france,5449000094131,Fanta exotic,Fanta,0.5
france,87126068,Газирана напитка със сок от мандарина,Schweppes,10.7
france,3770016316231,Chibre Bleu,Chibre bleu,5.9
france,7629999042117,GoGinger,GoGinger,4.5
france,3760133823859,Soda aux agrumes,Drakkar,8.9
france,42282198,Thé Noir Maté Pétillant,Lemonaid beverages,4.0
france,3290352016157,COT American,COT American,7.5
france,3770021130150,,,4.8
france,4022652916412,Cerise-romarin,,7.9
france,3669196810175,POP Agrumes,Vitamont,7.9
france,3502110005717,Pepsi 33 cl,Pepsi,4.6
france,5000112548280,Coca Cola,Coca-Cola,10.6
france,3760363840176,Limonade artisanale corse,,8.0
france,06701244,Le Yuzu,Alain Milliat,4.6
france,90375323,Coca cola zero,Coca-Cola,0.0
france,8003170003675,Cola Premium,Conad,10.9
france,8032919465078,Il nostro chinotto,Lurisia,12.4
france,8712857008109,Aloe Lemon,Tropical,8.5
france,5449000265098,CocaCola Energy,Coca-Cola,10.4
france,8002270946561,Boisson aranciata amara,San Pellegrino,8.6
france,8017596007001,Aranciata (con arance siciliane),blues,12.0
france,5000112594201,Coca cola light taste,Coca-Cola,0.0
france,5000112600186,Coca cola Zero Zuccheri,Cocacola,0.0
france,8054377870027,Mole cola,Molecola,10.6
france,40608006,pepsi,Pepsi,7.0
france,8002270033902,Sanbitter,San Pellegrino,15.0
france,5449000000989,,Coca-Cola,11.1
france,8002270596575,l'Aranciata,San Pellegrino,25.3
france,8018005301291,Arancia rossa,Polara,9.0
france,8001620012444,Pompelmo zero,San Benedetto,1.0
france,8017596101532,aranciata zero,Blues,1.8
france,5000112528305,Coca-Cola original taste,Coca-Cola,10.6
france,3560070823673,Pulp'Orange* Soda,Produits blancs,1.4
france,8002270396588,SANPELLEGRINO Bois pétil au jus d'orange et de figue de Barbarie 33cl,San Pellegrino,8.3
france,9002490208592,Energy Drink,Red Bull,0.0
france,5449000169358,Coca Cola Zéro sans caféine,Coca-Cola,0.0
france,8057192000402,Oransoda pet,Terme di Crodo,9.5
france,0059600061768,Limonade,Minute Maid,8.8136
france,90433801,Simply Cola,Red Bull,8.8
france,6130093062792,Ifri Orange,Ifri,6.0
france,5000112632323,Vio,Apollinaris,4.3
france,5449000016584,Coca cola light,Coca-Cola,0.0
france,5000177492160,Ginger beer soda,Old Jamaica,15.2
france,1934385530021,Limonade bio,,8.4
france,50112159,Orange Icon,Coca Cola,4.6
france,8718612000760,Mucho Mango,Arizona,4.8
france,5000112615869,Coca-cola,Coca-Cola,10.6
france,3560071174866,Cola zero*,Carrefour,0.5
france,27079355,River - Premium Tonic Water,,9.0
france,04418634,Coca-Cola Zero Sucres République,Coca-Cola,0.0
france,8001620002483,Aranciata,Guizza,5.1
france,42369097,Cola zero,Freeway,0.0
france,3560071174859,Cola,Carrefour,8.4
france,9015160100294,Almdudler,Almdudler,7.9
france,3124480197344,CANADA DRY Ginger Ale,Orangina - Schweppes,5.7
france,5449000251244,Coca-Cola Sans sucre sans caféine,Coca-Cola,0.0
france,3257987122486,Cola,Cora,9.4
france,3222473937882,Limonade traditionnelle Délices Arôme naturel de citron citron vert,Casino Délices,8.0
france,3596710360697,Planet Cola,Auchan,10.7
france,3596710386437,Diabolo Pêche à l'eau de source,Auchan,9.0
france,3596710427628,Planet cola green,Auchan,6.7
france,3596710449613,Tonic Pamplemousse,Auchan,4.4
france,3596710458479,Planet Cola zéro*,Auchan,0.5
france,3560070254132,Cola Light,Carrefour,0.0
france,3560070692484,Soda cola sans caféine,Carrefour,0.01
france,3560070802456,BUL'Z Saveur citron,Carrefour,6.1
france,3250391887927,Tropical,Look,8.4
france,3410280022581,Soda Goût Citron,Top Budget,0.1
france,3410280058498,Grenadine Top Budget,Top budget,6.3
france,42315148,,Netto,6.7
france,3760084310064,MeccaCola,MeccaCola,10.9
france,3870183400167,Pipi,,11.0
france,8410470182113,Mecca Cola,,4.9
france,5449000096197,Zero zero,Coca-Cola,0.0
france,9421902090622,Orangeade Summer,,7.9
france,5449000308085,Fanta - Citron Frappé,Fanta,6.3
france,42345923,Ginger,Lemonaid,6.1
france,0090478000787,Jarritos mango,Jarritos,9.0
france,5449000318411,Poms,,6.3
france,8056471090288,Mandarinata,,13.0
france,00172899,Diet Cola,M&S,0.1
france,3502110006240,7UP Free 33 cl,7UP,0.0
france,5449000054531,Fanta,Fanta The Coca-Cola Company Coca-Cola,4.7
france,8718906693050,Raw lemonade,Albert Heijn,7.0
france,9421902090363,Drinks Fairtrade Organic Lemony Lemonade,Karma Drinks,7.9
france,0090478410043,Pineapple Natural Flavour Soda,Jarritos,9.46
france,76463556,Coca-Cola K-Wave,Coca-Cola,0.0
france,90495090,Fanta,Coca-Cola,7.6
france,8718906867512,Raw lemonade citroen limoen water agavesiroop,Albert Heijn,8.5
france,3290350000134,COT Citron,Cot,8.2
france,5449000307033,Fanta agrumes,Fanta,9.4
france,3450970004657,Limonade,Eco+,0.1
france,5060108450010,Premium Indian Tonic Water,Fever-tree,7.1
france,5060605060651,Italian blood soda,,4.9
france,5060108450843,Fever tree Elderflower Tonic,Fever-tree,7.8
france,3551720026353,Grenade Artisanale,Lorina,9.5
france,5449000308139,Fanta Orange Sans sucres,Fanta,0.5
france,14565639,orangina et sa pulpe,Orangina,19.2
france,7610235008004,Pomme,Granini,7.5
france,7610238272310,Schweppes Ginger Ale,SCHWEPPES,9.1
france,0638097311954,Watermelon kiwi,,0.0
france,3560071524562,Carrefour cola,Carrefour,9.1
france,26003245,Cola,River,9.4
france,3439497440063,Limonade,Rochambeau,7.0
france,8057192002901,,Terme di Crodo,2.0
france,3560071420840,Cola,Carrefour,8.4
france,8002270646799,Naturali Aranciata,San Pellegrino,8.1
france,5906874145128,Kabisa,,10.5
france,5032678006553,Franklon & sons grapfruit & bergamont Tonic Water,,0.0
france,6130743016502,Mirinda framboise,,12.0
france,96199824,Delicate london ginger ale,The London Essence Co.,4.2
france,2006050069316,Water tonic,RIVER,5.2
france,79891196,coca cola,Coca-Cola,10.6
france,3323565400045,Limonade d’antan,Angeline,8.6
france,3119079706083,Tonic water,Kaskad,6.6
france,3260045175157,Limonade artisanale,,6.2
france,0687385000025,Fanta orange,Fanta,0.0
france,3760255150437,Limonade mona,SAS cinq cidres,4.2
france,5000112614688,Coca-Cola Mamadou sakho,Coca-Cola,10.6
france,90377846,Cocacola Light,Coca Cola,0.0
france,3902076610299,Jaffa champion,Jaffa,8.5
france,8713500015925,The Original Cassis,Hero,11.0
france,3551720037113,Limonade bio,Lorina,8.4
france,6091034022742,Lipton peche ice tea,Lipton,4.5
france,0078000052169,Root beer,Dr Pepper,12.5
france,8480013232704,Gaseosa,Spar,0.0
france,4061458036566,Mehrfrucht Flipper,Rio d'oro,8.9
france,2010000340998,Limonade Saveur Barbe à Papa,,9.0
france,5449000053541,Fanta,fanta,6.5
france,5449000249982,Fanta Prodotta in Italia,Fanta,6.1
france,5606456017477,Ananas,Sprink's,2.9
france,5029396000529,Fentimans-lemonade-250ml-great Britain,Fentimans,7.5
france,41051887,Rothaus Radler Zäpfle ohne Zucker,Badische Staatsbrauerei Rothaus AG,0.5
france,0076183003299,Snapple pink lemonade,Snapple,49.0
france,5060484660089,Ginger lemonade,Gunna,4.9
france,4008287919981,Fassbrause,Krombacher,6.8
france,3560071225629,Cola zero*,Carrefour,0.5
france,7862113550147,Manzana,Baloru,7.9
france,3770013801037,Parismonade,,8.7
france,5900334006233,Tymbark Jabłko Wiśnia 2l,Tymbark,4.5
france,8002270976629,Italian sparkling drinks aranciata rossa,San Pellegrino,8.7
france,0648436301133,Aloë Vera Aloe Drink,Paldo,9.0
france,3256227742958,Soda saveur orange,U,6.2
france,5059316125803,Indian Tonic Water,Tesco,4.6999998092651
france,5029396000796,Premium Indian Tonic Water,Fentimans,4.9
france,0610764863775,"Black cherry vanilla protein brain and body fuel, black cherry vanilla",,0.0
france,0078000116465,Grape soda,Sunkist,12.676056338028
france,4056489237013,Freeway citron,Freeway,7.4
france,13298555,Bio limonade,Lidl,7.4
france,8018005370518,Inka Cola,,6.0
france,5902860413868,Schweppes The Original Russchian,Schweppes,9.0
france,4015533022814,Voelkel,Biozisch,7.2
france,3770010521570,Limonade,,9.0
france,3760229200946,Limonade,,9.0
france,3770013801181,Limonade,,7.5
france,3585260602012,Limonade,,8.0
france,3179750055367,Limonade,,0.0
france,8001160006682,Pepsi Lime,,0.0
france,8801069412979,Sparkling,Chupa Chups,11.9
france,8001620009918,Soleila,Guizza,1.1
france,5449000289469,Limonata senza zuccheri aggiunti,Fanta,0.0
france,8002270096778,Aranciata zero,San Pellegrino,1.9
france,5449000208743,Fanta Shokata,Fanta,6.8
france,3770006978203,Limonade au pif BIO,,8.0
france,0012000204968,Mtn dew - major melon,Mountain Dew,12.4
france,7613036285896,Perrier & Juice,Perrier,3.6
france,7613312133439,Limonade grenade,Migros Bio,7.0
france,7640115251237,Cola,Prix Garantie,10.0
france,7629999042247,Limonade artisanale Lausanne Citron,les pétillantes,5.9
france,7640115251176,Grapefruit,Coop Prix Garantie,7.3
france,8001620001035,Guizza Gassosa LT. 1.50,Guizza,0.0
france,8002270019487,San Pellegrino aranciata rossa,San Pellegrino,10.0
france,8002270072925,Sanpellegrino Limonata,San Pellegrino,7.8
france,8002270246500,,San Pellegrino,10.0
france,8002270276538,San Pellegrino pamplemousse,San Pellegrino,10.3
france,8002270326608,Limone + tea,San Pellegrino,4.6
france,8002270716560,Sanpellegrino aranciata,San Pellegrino,1.9
france,8002270056574,Lemon & Mint,San Pellegrino,4.9
france,8002270966538,Boisson Petillante Aromatisee Clementine,San Pellegrino,8.8
france,8002516939906,Limonata,Tomarchio,11.0
france,8004672001299,Limonata,Paoletti,12.7
france,8007885749255,Pamplemousse Bio Galvanina,Galvanina,10.5
france,8014396002816,Tonica,Schweppes,8.9
france,80037347,Conad Cola zero zuccheri,Conad,0.0
france,8018005301130,Partannina bibita analcolica,,4.0
france,8018005301253,Aranciata,Polara,11.3
france,8410408016022,Kas Limón,Kas,4.4000000953674
france,8410470181055,Super mojito,Geiser,10.0
france,8411800377056,Zero refresco de naranja sin burbujas sin azúcares añadidos,TriNa,0.9
france,8411800312743,Trina Zero,TriNa,0.0
france,84106070,Free,7 Up,0.0
france,8414100360742,Tonic zero,Schweppes,0.0
france,8435068852445,"Poms - Limonade 1,5L",poms,6.0
france,8435185953414,Original,Orangina,8.9
france,8436038098221,Limonada fresa,Fresquitos,12.0
france,8480017349910,Cola,Dia,6.0
france,8691058143614,Limonata,Sirma,6.9
france,8712100721892,Original Ice Tea,Lipton,4.5
france,8715600227758,Bitter lemon,Royal Club,11.0
france,8715600234800,Pepsi Next,Pepsi,7.4
france,8715600236163,Game Fuel Cherry,Moutain Dew,12.0
france,87139921,Smulll cola,,9.3
france,8718858610006,"Charlie's Lemon, Lime & Mint Natural Soda ",Charlie's,7.7
france,87170504,Pepsi max,Pepsi,0.0
france,87330908,Raak Kinder Cola,Raak,5.9
france,87170719,7 up per 0.5 l,Pepsico,7.3000001907349
france,8935001200130,Nuoc Dua Tuoi,Wonderfarm,7.0
france,9002490239336,Bitter Lemon,ORGANICS BY RED BULL,9.0
france,9009700303337,Balance Apfel-Cranberry,Vöslauer,3.8
france,9015160102144,Almdudler,Almdudler,7.9
france,90311215,Emotion Birne Melisse,,4.1
france,90424588,Redbull Cola,RedBull,8.8
france,9120008992181,Bio Sprizz organic orange,Hollinger,6.5999999046326
france,90357626,Coca Cola Zero Vip,Coca cola collector 2012,0.0
france,90377884,,Fanta,43.1
france,90418402,Citron & Fleur De Sureau,Finley,4.6
france,5449000227959,Coca-cola-cola Caffeine Free (diet)-250ml-benelux,Coca Cola,0.0
france,0088009901139,Fetia Blue,Brasserie de Tahiti,12.3
france,03477786,Limonade Bio,Lorina,8.4
france,3770009345095,Ginger Beer,La French,6.4
france,4001513001573,Gerolsteiner Apfel-Zitrone,Gerolsteiner,4.2
france,7310070151209,Apotekarnes Julmust,Apotekarnes,8.6
france,3348630009411,Coca cola light,Coca-Cola,0.0
france,5060499150131,Green cola,,0.0
france,8437017084037,Green Cola,Green Cola,0.0
france,4060800150677,Pepsi,Pepsi,10.7
france,7610029155570,Limonade au jus d'orange,Denner,10.0
france,3585263101055,La Gosse,La Gosse,8.0
france,5400141101850,cola light,Everyday,0.5
france,6132002600033,L'exquise goût Ananas,,11.6
france,4056489011750,Pulp'orange,Freeway,8.3999996185303
france,0088009900996,Coca Cola sans sucre,Coca cola,0.0
france,0611269174526,"Energy drink, cranberry",Red Bull,10.7
france,2000000082083,elixir citron Archibald Fernand,big fernand,8.2
france,5449000239846,Mini coca cola zéro sans cafeine,Coca-Cola,0.0
france,8711900013275,Cola light,,0.0
france,5449000257284,Coca-Cola ginger lime light taste,Coca-Cola,0.0
france,5000112593020,Coca Cola 25cl edition euro,Coca-Cola,10.6
france,14837562,Coca cola light,Coca-Cola,0.0
france,3348630001347,Coca cola sans sucres,Coca-Cola,0.0
france,4102380027113,Johannisbeere,Hella,3.2
france,8018005101044,Frizzer,,1.02
france,5449000250940,Coca-Cola zéro Ginger,Coca-Cola,0.0
france,0747565375746,100% freshly squeezed lemonade,Del Monte,2.02
france,5449000241405,Sprite,Sprite,1.9
france,6130093062860,Ifri,ifri,6.6
france,0049000075144,Fanta Green Apple,Fanta,38.0
france,04412861,coca zero,coca,0.0
france,0008274000139,All natural caribbean style ginger beer,,3.94
france,4005906275466,Apfelschorle bio,Adelholzener,5.3
france,9315596006338,Diet indian tonic water,Schweppes,0.0
france,0016571951580,Cherry Limeade Sparkling Ice,Sparkling Ice,0.0
france,00133678,Sparkling raspberry & elderflower pink lemonade,Marks & Spencer,1.0
france,0025000058073,Minute Maid Lemonade,Minute Maid,11.267605633803
france,00393072,Diet Sparkling Florida Orange,Marks & Spencer,0.8
france,0041415365636,Deli raspberry lemonade,Publix Super Markets  Inc.,10.833333333333
france,0041508800648,Italian Sparkling Lemon Beverage From Concentrate,sanpellegrino,7.8787878787879
france,0048500021323,Limonade,Tropicana,10.4
france,0049000019162,Fanta 20 Oz,Fanta,12.0
france,0049000033939,Fanta Peach,Fanta,11.549295774648
france,0049000045840,Coca-Cola Zero Sugar,Coca-Cola,0.0
france,0049000014273,Fanta Pineapple,Fanta,13.5
france,0049000024685,Coca-Cola - 6 PK,Coca-Cola,11.0
france,0049000050141,Zero calorie,Coca-Cola,0.0
france,0049000050998,Aluminum bottles,Coca-Cola,0.0
france,0054308184412,Kola Champion Original,Solo,14.4
france,00557092,Lemonade,Marks & Spencer,7.8
france,0069000020111,Mtn Dew,Pepsico,13.0
france,0070847020530,"Energy drink, ultra black",Monster,0.0
france,0072979000206,Seagram's Tonic Water,Seagram’s,32.0
france,0078000052404,Rootbeer,A&W,12.6
france,00797399,Diet tonic,M&S,0.1
france,0088009770643,Coca cola zero,Coca-Cola,0.0
france,00812344,Sparkling Elderflower Soda,Marks & Spencer,8.1
france,01208500,Mountain Dew,Mountain Dew,13.0
france,01293508,Root Beer,,11.944444444444
france,05654451,Vitamin lemonade,Hema,5.0
france,0620221200203,Cane sugar soda,Jones,10.7
france,0627696000017,Bec Cola,Becel,9.0
france,0647613000395,"Lorina, sparkling soda, pink lemonade",Lorina,12.92
france,06731906,Coca-Cola Zero,Coca-Cola,0.0
france,0762571500012,Freez Fraise,Free7 Mix,6.0
france,0762571500036,Freez mix  Mures Fruit des bois,Freez,7.0
france,0799439187689,Aloe lychee,green globe,4.0
france,0818094000017,Energy drink,Rockstar,12.92
france,0819538000051,"Efferve, sparkling lemonade, lemon - citron",Eurobubblies Inc.,8.75
france,0851246000008,Energy Beverage,Baba Roots,12.413793103448
france,1903855690008,Vintersaga - Boisson gazeuse à l'arôme de houblon et de malt,Ikea,9.3
france,2000000000255,Coca Cola,Coca-Cola,10.6
france,2000000003785,Sprite,Sprite,7.0
france,20023102,L'aperitivo biondo,Italiamo,13.0
france,20042233,Freeway Gaseosa,Freeway,0.0
france,20047139,Freeway cola,Freeway,9.7
france,20490355,Freeway Cola Light,freeway,0.1
france,20514952,Lemon,Freeway,9.1
france,20557577,Original Tonic Water,Freeway,8.9
france,24003469,Tonic waters & you,,4.9
france,26003191,Cola zéro,River,0.5
france,26004082,River agrumes,River,9.9
france,27002735,Orange,River,12.0
france,27003763,Cola,,11.0
france,27022354,Orange,River,12.0
france,2846741042941,Coca-Cola zéro,Coca-Cola,0.0
france,3052350752150,Cola,,9.5
france,3057640164378,Taillefine Fiz Agrumes,Taillefine,0.2
france,3057640450808,Volvic Tee Minz Geschmack,Volvic,4.9
france,3068320118635,Badoit bulles de fruit,Badoit,4.9
france,3119070050017,Sowest Cola Zero,Ogeu,0.0
france,3124480173416,Orangina Geisha pêche,Orangina,8.2
france,3124480173676,Schweppes Agrum',Schweppes,7.1
france,3124480182067,Bahia saveur kiwi citron vert,Orangina,7.9
france,3124480183880,Indian Tonic,Schweppes,5.8
france,3125577232726,Schweppes indian tonic,Schweppes,5.8
france,3124480162755,Orangina et sa pulpe !,Orangina,10.0
france,3124480164186,Gini,Orangina,6.5
france,3124480170149,Aux Saveurs de 4 Agrumes,Schweppes,5.7
france,3124480184801,Schweppes Ginger Ale,Schweppes,5.9
france,0012000184185,Pepsi lime,Pepsi,11.5
france,75609573,Fanta ball,Fanta,6.5
france,5410221307447,PINK Tonic,Schweppes,4.3
france,41364414,limonade,,6.0
france,5000112615050,Coca Cola Zero 1.5,COCA COLA COMPANY,0.0
france,3257986793304,Cola,Cora,9.4
france,3760198070601,french indian tonic water indian classic,Pondichery,6.4
france,7290010498628,Eistee Sirup,Sodastream,3.4
france,3289196820129,Tonic Quinine,Vitamont,7.2
france,3256860205995,Limonade artisanale vallée noble,,7.4
france,66552246,Limonade,River,7.4
france,0016027708584,Dr Pepper Cherry Vanilla,Dr Pepper,11.5
france,8718858612802,Candy can bubble gum,,0.0
france,87170856,7up Free,PepsiCo,0.0
france,3760133823811,Drakkar cola,Drakkar,0.0
france,6194019602400,Boga Lim,Boga,7.64
france,0049000069648,Root Beer,Blue Sky Natural Beverage Co.,9.41
france,3760299919793,Kelly loves Ramune orignal,KellyDeli,9.4
france,4062139003051,Pepsi Dose,Pepsico,0.0
france,8714786288973,Coca cola,Coca-Cola,10.6
france,8719128117850,Lipton green ice tea,Lipton,2.9
france,8719128117812,Pepsi Max Lime,Sodastream,0.0
france,8002270356599,Limonata,San Pellegrino,7.8
france,54492745,Coca cola cherry,Coca-Cola,10.7
france,8002270936777,Limonata,San Pellegrino,8.0
france,8002270506796,Aranciata rossa,San Pellegrino,8.8
france,7750236544092,inca kola,Coca-Cola,11.82
france,3261570008385,La limo de goudale,Goudale,8.4
france,3701178800399,Limonade,BRASSERIE DU SLALOM,7.0
france,8690093001637,Fraise pasteque,chill,9.3
france,4902102149655,Fanta pomme,Fanta,7.9
france,3770010517184,Limonade artisanale bio,,5.8
france,3760344630215,Diabolo fraise,,10.2
france,3770022523180,Limonade fleur d'oranger au romarin de corse,,4.0
france,3760344630260,Vendée Cola,Savouré,10.6
france,8715600244427,Pepsi,Pepsi,7.0
france,3770030609005,Noctua Citron Gingembre,Noctua,5.5
france,3760254480207,Limonade citron citron vert,,0.192
france,3257983839753,Cola cerise,Cora,8.4
france,3258561300924,Passion soda,Belle France,7.1
france,3258561300726,Pulpé Orange,Belle France,10.4
france,3263852570016,Limonade,Leader Price,9.0
france,3263857148852,Tonic,Leader Price,7.9000000953674
france,3263857162216,Diabolo grenadine,Leader Price,9.1
france,3263855446653,Exotique,Leader Price,9.3
france,3263857142812,Cola léger en sucre,Leader Price,5.6
france,3271471000425,Breizh-limo🍋,Breizh-limo🍋,8.1
france,3274080020174,Steff Cola,Steff,0.3
france,3274490972469,Fizz Cola Bio,Meneau,12.0
france,3278730002428,Original Indian Tonic,Schweppes,5.8
france,3278736217215,Orangina,Orangina,9.8
france,3278736217239,Orangina Zéro,Orangina,1.2
france,3289094050505,Schweppes Indian Tonic,Schweppes,5.8
france,3289196820051,Cola équitable sans caféine,Vitamont,9.5
france,3290350000639,Limonade Skop Pomme,Chan Ou Teung SARL,6.6
france,3289196810014,Limonade d'antan,Vitamont,9.36
france,3292090000269,Royal Soda arôme Kampane,Royal soda,13.0
france,3292090001006,Coca-Cola light,Coca-Cola,0.0
france,3292481210024,Limonade,Top,8.0
france,3292090000047,Boisson rafraîchissante aux extraits végétaux,COCA-COLA,10.6
france,3292090001112,Orangina,Orangina,9.5
france,3292090136371,Guarana,Fanta,9.4
france,3334803443847,Indian Tonic,,8.9
france,3334803551382,Soda gazeux,Pepsico,11.04
france,3340880820006,fisher panache,biere péï fisher,9.0
france,3348630001132,Coca cola zero sucres,Coca-Cola,0.0
france,3348630001064,Coca Cola Zero sucre,Coca Cola,0.0
france,3348630001231,Coca cola Zero,Coca Cola,0.0
france,3350033442634,Tonic zero,Monoprix,0.0
france,3364699780016,Boisson gazeuse arome pomme,COCK BRAND,5.7
france,3368952621207,Limonade à l'ancienne Saveurs,U Saveurs,8.4
france,3410280022666,Limonade,Top budget,0.5
france,3439495404562,Boisson tonic,Gilbert,7.3000001907349
france,3468571020884,Limonade,Pschitt!,9.0
france,3484700001173,Breizhcola zéro,Breizh cola,0.5
france,3484700007984,Cola Sans sucre,Breizh Cola,0.4
france,3484700008011,Breizh Cola Stévia,Breizh Cola,5.1
france,3502110002341,Pepsi light décaféiné,Pepsi,0.0
france,3502110003485,Mirinda Boisson gazeuse goût ananas 2 L,Mirinda,4.9
france,3502110007186,7UP saveur mojito citron vert & menthe 50 cl,7UP,7.0
france,3502110008978,7UP saveur citron & citron vert 33 cl,7UP,4.6
france,3502110009012,7up,7UP,4.6
france,3502110010049,Pepsi Zéro sucres 1 L,Pepsi,0.0
france,3502110121424,7Up,7up,7.0
france,3502110002648,Pack de 6 Pepsi 33 cl,Pepsi,10.9
france,3502110005137,7up tropical,7Up,11.0
france,3502110005397,"7UP cherry 1,5 L",7UP,10.2
france,3502110005496,Pepsi Next,Pepsi,7.4
france,3502110005571,Citron,KAS,11.2
france,3502110006233,Mirinda Boisson gazeuse goût pomme verte 2 L,Mirinda,13.0
france,3502110006271,"7UP saveur mojito citron vert & menthe 1,5 L",PepsiCo,7.0
france,3502110008985,7UP aux Extraits de citron & citron vert 6 x 33 cl,Seven up,7.0
france,3502110009036,"7UP saveur citron & citron vert 1,5 L",seven-up,4.6
france,3502110009074,Pepsi max ginger,Pepsi,0.0
france,3502110123596,Pepsi Cherry,Pepsi,7.2
france,3551720022683,limonade artisanale,Lorina,9.0
france,3551720029149,Coco Citron,Lorina,9.0
france,3551720033641,Pêche Bellini fines bulles sans alcool,Lorina,9.0
france,3551720036680,Orange Soda Artisanal,Sans marque,9.0
france,3551720004023,Limonade artisanale (lot de 2 x 1 L) Lorina,Lorina,9.0
france,3551720012622,LIMONADE,Lorina,7.4
france,3551720033702,Barbe à Papa,Lorina,9.0
france,3551720041080,Agrume de Corse aromatisee,Geyer frères,8.7
france,3560070166886,Tonic,Grand Jury,5.0
france,3560070345724,Cola Zero*,Carrefour,0.5
france,3560070823710,Cola,Simpl,2.0
france,3560070823956,Tonic,Carrefour,5.0
france,3560070824700,Cola classic,Carrefour,8.4
france,3564700002704,Cola sans caféine,Jean s,9.5
france,3564700002728,Jean's orange,Jean's,8.9
france,3564700002759,Jean's - Soda à l'arôme naturel tonic,Jean's,7.8
france,3564700088951,Pulp orange rouge,Marque Repère,9.3
france,3564700002773,Jean's Limonade double zest,Marque repère,7.0
france,3564700571781,Soda cola - 12 x 15 cl UNITÉ,Jean's,9.5
france,3564700663943,Pulp'light,Marque Repère,1.2
france,3564700716519,Limonade zéro,Sprink's,0.5
france,3564700814055,Soda tonic,Marque Repère,8.3
france,3564700813706,Sprink's Limonade,Sprink's,7.0
france,3564700813935,Jus d'orange gazeuse,Sprink's,7.7
france,3564706504691,Sprink's - Tonic,Marque repère,7.8
france,3564980130005,Human Cola Bio,U-MAN COLA,12.0
france,3585260000306,Limonade à La Violette 75cl,La Gosse,8.0
france,3596710243907,Thé glacé Pêche - saveur pêche,Auchan,5.4
france,3608330086687,Frusti Mojito,Frusti,11.2
france,3660992004669,Limonade,Bien Vu!,3.0
france,3700029411111,Tonic,Youki,8.0
france,3700238353776,Limonade Jean d'audignac barbe à papa 75cl,Jean d'Audignac,9.0
france,3700238353769,Limonade Artisanale Framboise,,8.0
france,3760045175015,Limonade artisanale,Elixia,7.2
france,3760056350586,Vosges Cola,Les Brasseurs de Lorraine,10.08
france,3760096020340,Limonade,Markus,10.4
france,3760126830147,Coca light,Coca Cola,0.0
france,3760133823347,Auvergnat tonic,,8.2
france,3760149510071,BionéO Nature,BionéO,4.3
france,3760157210017,Limonade La Beauceronne,Maison savoure,7.6
france,3760183090065,Limo La Lutine - Limonade,L'Atelier de la Pépie,8.45
france,3760186971514,Limonade bio,Planete Bio,7.4000000953674
france,3760194920009,Meuh Cola,Meuh Cola,8.9
france,3760194920023,Pomeuhnade pomme,solibulles sas,8.4
france,3760194920948,PoMeuhnade,Solibulles,9.9
france,3760194923017,Meuh Cola,Solibulles SAS,8.9
france,3760229200076,Oléron cola,La Bullerie d'Oléron,9.0
france,3760267770005,Boisson gazeuse saveur Cola,Sea'up,0.0
france,3770004431113,Coco Pétillant,Dell Kory,9.3
france,3770004842223,Limonade bio,,9.5
france,3770007339010,MIAMI Soul,MIAMI Soul,8.0
france,3770009345125,La French s'il vous plaît,La French,5.4
france,4000177839003,Cola Mix koffeinfrei,Capri-Sonne,7.6999998092651
france,4000140072178,Tonic Water,Schweppes,8.9
france,4002968031658,Tönissteiner Orange Fit limonade,Privatbrunnen Tönissteiner,0.9
france,4002968031634,Tönissteiner Zitrone Fit,Privatbrunnen Tönissteiner,0.7
france,4005906274704,"Active O2, Orange",Adelholzener,4.0
france,4015533020810,BioZisch (BLUTORANGE),Voelkel,7.0
france,4048517625312,"Die Limo, Dark Berries + Guarana",Granini,8.7
france,4038745603718,Buratino,Monolith,9.0
france,4060800145697,Pepsi Max Cool Lemon,Pepsi,0.0
france,4052275379110,Lemonade,,9.1
france,4053400201726,Rooibos Tee Pfirsich,Ti,4.0
france,4060800002242,Pomegranite,Pepsi,0.0
france,4060800104021,Pepsi Max NO SUGAR,Pepsi,0.0
france,4060800175472,Mountain Dew,Mountain Dew,12.4
france,4060800175823,Pepsi max ginger,Pepsi,0.0
france,42105213,Coca-cola light,Coca-Cola,0.0
france,42295341,Lemonade Blood Orange,Lemonaid,6.8
france,4260084633983,Bat Man Cola,Trendy Food,10.0
france,42141198,Flirt Orange - Orangenlimonade,Flirt,7.6
france,42282211,Passion Fruit,Lemonaid+,5.5
france,5000112547221,mezzo mix,Coca-Cola Company,10.1
france,5000112568554,Coca-cola zéro,Coca-cola,0.0
france,5000112611786,Coca-Cola light taste,COCA-COLA®,0.0
france,5000112612462,Euro 2016 - Boisson rafraîchissante zéro calorie zéro sucres,Coca-Cola,0.0
france,5000112617955,Lot de 30 Canettes Slim Can de Coca Cola,Coca Cola,10.6
france,5000112624687,Coca-Cola zéro sucres,Coca Cola Zéro,0.0
france,5000112631050,Coca-Cola zéro,Coca-Cola,0.0
france,4902179008824,Melon soda,Sangaria,11.0
france,5000112521085,Coca-Cola,Coca-Cola,10.6
france,5000112523157,Coca-Cola,Coca-Cola,9.433963
france,5000112574395,Se Coca-cola 8X50CL,Coca-Cola,10.6
france,5000112587340,Kiwi und Strawberry Limo,Fanta,10.2
france,5000112609608,Soda,coca cola,10.6
france,5000112610819,Coca cola Detourné,Coca-Cola,10.6
france,5000112611489,Coca Cola Zero,Coca-Cola,0.0
france,5000112611885,Coca cola light,COCA-COLA,0.0
france,5000112620801,Soda,,27.0
france,5000112628180,Coca-Cola Zéro sucres,Coca-Cola,0.0
france,5000112631036,Coca Cola zero sucres,The Coca-Cola Company,0.0
france,5000112631692,Fanta citron frappé,fanta,6.3
france,5000112634754,Coca-Cola,Coca-Cola,10.8
france,5010102003507,Tango Apple,Tango,2.1
france,5011026002225,Club Orange,,13.0
france,5000382100812,Snapple Lemonade,Snapple,4.8
france,5010102114135,Double Concentrate Orange Squash No Added Sugar,Robinsons,0.0
france,5029212126334,Sparkling Dring Orange Lemon,Luscombe,9.6
france,5032678003620,Ginger beer,Franklin & Sons LTD,11.0
france,50107452,IRN-BRU Sugar Free Bottle,A.G. Barr,0.0
france,5021812004616,Sparkling Pressé Fruity Raspberry Lemonade,,4.4
france,5022019430116,Farms Cucumber & Mint Pressé,Belvoir Farm,7.4
france,5029212125337,Sicilian Lemonade,Luscombe,9.4
france,5029396341233,Fentimans Curiosity Cola 125ML,Fentlmans,10.5
france,5045096409165,Sparkling Cloudy Lemonade,Boots,0.3
france,5060108450041,Lemon Tonic,Fever tree,7.6
france,5060108452236,Mediterranean tonic water,Fever-Tree,4.8
france,5060155610146,Ubuntu Cola,Ubuntu,10.4
france,5060166690168,Lo-cal Monster Energy,Monster,1.4
france,5201171000300,Lemon soda,Epsa,9.5
france,5201256050657,Tonic Water,,11.0
france,5285000320395,7up free,7up,0.0
france,5400247061799,Limonade Blanche,Winny,0.0
france,54004337,Agrumes zéro,Schweppes,0.3
france,54007833,,Fanta,0.0
france,5410013149101,Spa lemon cactus,Spa,4.1
france,54007772,Finley Tonic Boisson pétillante,Finley,8.7
france,5410221305122,Schweppes tonic,Schweppes,9.0
france,5410221305160,Schweppes Lemon🍋,Schweppes,5.6
france,5411668001882,Cola,,6.7
france,5413982301006,Uncle Pomegranate & Cranberries Bio Bionina,Bionina,10.0
france,5413982303000,Lady Pink Grapefruit Bio Bionina,Bionina,10.5
france,5413982352053,Mister Lemon,Bionina,12.0
france,5449000021830,Fanta ananas,Fanta,12.3
france,5449000038715,"Lift, Apfelschorle",Coca-Cola,5.8
france,5449000044808,,Schweppes,4.5600000000000005
france,5449000052179,Boisson rafraîchissante au jus d'orange avec sucre et édulcorants,Fanta,6.5
france,5449000089205,Coca Cola Light Lemon,COCA-COLA,0.0
france,5449000089656,Coca-cola Lime Drink 1.5 L,Coca Cola,10.6
france,5449000090164,Coca-Cola sans Caféine,Coca-Cola,11.1
france,5449000109538,Fine bulles - Pomme-citron & gentiane,Finley,4.5
france,5449000134554,"Coca-cola Zero 4X6X50 CL, 24 Bouteilles",Coca-Cola,0.0
france,5449000177612,Coca Cola light,Coca Cola,0.0
france,5449000195340,Coca cola zero cherry,coca cola,0.0
france,5449000199287,Coca colas zéro sucres 250ml,Coca Cola,0.0
france,5449000201300,Coca Cola,COKE,10.6
france,5449000207678,Mezzo Mix Orange & Cola,Fanta,10.5
france,5449000213617,Fines Bulles Mojito,Finley,4.4
france,5449000214744,Coca Cola Cherry zero sugar,Coca-Cola,0.0
france,5449000237378,,Coca-Cola,0.0
france,5449000241399,Fanta citron fleur de sureau,Fanta,6.8
france,54490604,Coca-Cola Light,Coca-Cola,0.0
france,5444114747485,Coca cola Light taste,Coca cola collector 2012,0.0
france,5449000017932,Sprite,Sprite,8.0
france,5449000027795,Limonade Splash,Splash,12.4
france,5449000030375,Coca-cola sans cafeine,COCA-COLA,11.1
france,5449000031037,Fanta Mandarine,Fanta,10.1
france,5449000036896,Hawai Tropical,hawai,6.0
france,5449000050090,Coca-Cola Light,Coca-Cola,0.0
france,5449000060068,Schweppes citron,Coca-Cola,4.4000000953674
france,5449000109613,Sprite Zero,Sprite,0.0
france,5449000120977,Fanta Zero,Fanta,1.7
france,5449000120991,Fanta limón zero azúcares,Fanta,0.0
france,5449000125828,Coca Cola Zero Can (355 ML),Coca-Cola,0.0
france,5449000133847,Naranja,Aquarius,4.5
france,5449000135605,Coca Cola Light Karl Lagerfield,Coca Cola,0.0
france,5449000151728,VitaminWater,VitaminWater,4.6
france,5449000174031,Schweppes Agrumes,Schweppes,11.1
france,5449000183057,Coca cola,Coca-Cola,10.6
france,5449000199218,Coca-Cola - Boisson rafraîchissante aux extraits végétaux,Coca-Cola,10.6
france,5449000204455,Fines bulles - Citrons & fleur de sureau,Finley,4.6
france,5449000205544,Sprite,Sprite,2.0
france,5449000210371,Mezzo Mix Zero,Coca-Cola Company,0.2
france,5449000213600,Fines Bulles - Mojito,Finley,4.4
france,5449000213716,Fanta sitrus,Fanta,10.0
france,5449000214805,Fanta orange,Fanta,6.5
france,5449000220578,Light taste,Coca-Cola,0.0
france,5449000226082,Coca-cola,Coca-Cola,10.6
france,5449000226976,Fines bulles - Mojito - Boisson non alcoolisée,FINLEY,4.4
france,5449000240828,Tonic water,Finley,8.7
france,5449000241146,,Coca-Cola,0.0
france,5449000242648,"Soda 0% sucre saveur concombre, citron et citron-vert",Sprite,0.0
france,54492523,Finley Agrumes,Finley,4.6
france,5601447125704,LIMA LIMÃO,snappy,7.8
france,5740700987168,Fanta Framboises & Passion,Fanta,6.7
france,5740700995774,Cola Cherry,Coca Cola,11.4
france,5741000123591,Faxe kondi,royal unibrew A/S,10.0
france,5900352008738,Hellena- Orangeade Rouge,,8.6
france,5902768499179,On Lemon Pear,John Lemon,9.0
france,5900352008721,Hellena biała 1.25,Hellena,8.6
france,6111242370258,Orangina,Orangina,10.0
france,6001760005261,TONIC WATER,,3.0
france,6130743004240,Mirinda Lemon,Mirinda,11.0
france,6106000000942,Vital'O,Bralima,9.1
france,6194019605258,Boga - pomme cidre,Boga,7.08
france,6194019605647,Boga light,boga,0.1
france,6130093011875,Soda saveur Pomme verte,Ifri,12.5
france,6194019802251,Boga Cidre,Boga,9.57
france,7002426465381,Irn Bru,Barr,4.7
france,7290110110666,Soda,Sprite,9.6
france,7610057026514,Sinalco original,Sinalco,10.0
france,7610200337566,Jariba Himbo,Migros,9.0
france,7610525001661,Dr. Pepper,Dr. Pepper,10.0
france,7610238300358,Schweppes,Schweppes,8.9
france,7610238304486,The original bitter lemon,Schweppes,10.1
france,5903111335533,Schweppes mojito,,7.5999999046326
france,3760133823804,Drakkar Cola,,11.6
france,9300675003414,Fanta 375 mL,Coca-Cola,7.2
france,4066600603405,Spezi,Paulaner,9.2
france,8435185953711,DR. Pepper Zero,Dr. Pepper,0.0
france,5449000110671,Sprite 0.5,Sprite,10.1
france,5690541004183,Soda,Pepsi,10.9
france,5000112634136,Sprite,COCA-COLA EUROPEAN PARTNERS NORGE A,10.1
france,0012000800047,Pepsi,Pepsi,11.0
france,5449000017888,Cola,Coca-Cola,10.6
france,5449000134264,Cola Zero,Coca-Cola,0.0
france,5449000214799,Coke zero,Coca Cola,0.0
france,3770021130020,Limonade artisanale citron La Ninon,,4.8
france,5449000046390,,Schweppes,9.0
france,5060108450881,Fever-tree Elderflower Tonic Water500ml,Multibev,7.8
france,4000177816004,Capri Sonne Orange 200ml,Nordic refreshment company as,8.6
france,7044610874661,"Pepsi Max 0,5l",RINGNES AS,0.0
france,0836093021048,Sparkling Grapefruit,Izze,5.92
france,4770395227790,Fermented malt soft drink KVASS,AB “MV Group Production”,7.9
france,5449000233295,Coca-Cola sans sucres sans caféine,Coca-Cola,0.0
france,3250391638987,Limonade LOOK BIO PET 1L,Look,7.4
france,5000112548082,Getränke - FANTA Orange,Fanta,7.6
france,3596710493623,"Mix Croco, Oeuf et Cola",Auchan,62.0
france,6194007891960,Viva pêche,VIVA,12.0
france,5449000286284,Sprite,Sprite,8.0
france,5000112611878,Coca-Cola®,Coca-Cola,0.0
france,54492790,Cherry,Coca-Cola,10.7
france,4060800102683,Pepsi,Pepsi,4.6
france,5449000169327,Coca-Cola Zero Zero,Coca-Cola,0.0
france,3551720205048,Limonade,Lorina,3.9
france,8801069415376,Sparkling watermelon flavour,CHUPA CHUPS,11.0
france,5449000239839,Coca-Cola Mini sans caféine,Coca-Cola,11.1
france,0613008719302,Arnold Pamler Half & Half Iced Tea Lemonade,Arizona,5.3521126760563
france,90357473,Coca-Cola sans sucres,Coca-Cola,0.0
france,90490286,Coca cola zero sans caféine,Coca-Cola,0.0
france,3290359901517,Cot American,,7.5
france,4058172058042,Sportness,dm,3.7
france,3502110007599,Pepsi Max Lime - Boisson gazeuse rafraîchissante,Pepsi,0.0
france,3279068000117,Limonice pomme,,2.1
france,5449000006004,Fanta Limón,Fanta,4.5
france,0078000082401,20floz bottle,arrow’s fav,11.0
france,07831504,Dr Pepper,Dr Pepper,11.0
france,4589759821013,Kimino Yuzu,KIMINO,5.2
france,8410283006125,La Casera,la casera,0.0
france,3770022329140,,,0.0
france,3254381046950,Soda aux extraits végétaux Cola,Pschitt!,10.6
france,5905689308360,French kiss Energize Mojito,French Kiss Energize,11.0
france,7290011930240,Saveur Grenadine façon diabolo,Sodastream,86.0
france,8410408051368,"Kas citron 🍋1,5 L",KAS,11.4
france,5029396222341,Victorian lemonade,fentimans,4.4
france,5902860411994,Dr pepper,Dr Pepper,4.2
france,3760045170317,Limonade artisanale,Elixia,6.2
france,4005906005322,Active O2 lemon,Adelholzener,0.0
france,4335619083660,Cola zero sucres,FREEWAY,0.0
france,0012000800306,Mountain dew,Mountain Dew,12.0
france,3760009534247,Lim'o myrtille,,5.9
france,8690723681895,Uludağ Frutti extra 250 ml kavunlu,,9.5
france,9315596200217,Solo,Solo,11.5
france,4014086011610,"Glorietta Orange Limonade, Orange",Glorietta,7.8
france,5200360500607,ginger ale lemon,Royal Ionian,11.8
france,50112784,Lemon,Aquarius,4.4
france,3346040116002,Limonade artisanale,La Grande Épicerie de Paris,8.0
france,3560070824458,Soda limonade saveur orange,SIMPLY,0.0
france,5029396738576,Rose Lemonade,Fentimans,9.5
france,5000112609653,Coca Cola,Coca-Cola,10.6
france,8034063243458,Soda au cola sans caféine,Bio Naturae,9.5
france,0012000800030,Pepsi Cola,Pepsi,11.0
france,4060800106964,,Pepsi,7.0
france,5000177488071,Old Jamaica Ginger Beer,Old Jamaica,13.2
france,8002270356476,SANPELLEGRINO boisson gazeuse aromatisée orange 6x33cl,San Pellegrino,7.8
france,3564707182430,Bio village cola bio,Bio Village,9.9
france,3560070777433,Cola Classic,Carrefour,9.3
france,5601045001318,Maracujá,Sumol,5.8
france,8018005720665,Mandarino,Polara,11.0
france,3596710474509,Planet cola zero,Auchan,0.5
france,42201854,"LemonAid, Limette",Lemonaid,6.0
france,65066430,Limonade Bio,,8.6
france,7702090004328,GASEOSA POSTOBON MANZANA 2L,Postobon,8.0
france,3564700381991,Soda cola zéro sans caféine,Jean's,0.0
france,9002859045448,Orange,Foirefouille,0.0
france,7610097111072,Rivella rot,Rivella,9.0
france,3174780000981,Coca Cola sans caféine,COCA-COLA,11.1
france,3564700814017,Soda tonic,Marque Repère,7.8
france,5449000281555,Tropico,Tropico,8.5
france,54008335,Ginger Ale,finley,7.9
france,5000112546439,Coca Cola light,Coca Cola,0.0
france,4060800100252,pepsi,Pepsi,4.6
france,3760077520036,Limonade pur sucre Pomme Rhubarbe,P'tit Quinquin,10.93
france,5449000283870,Coca Zéro,Coca-Cola,0.0
france,8431876002713,Fresh tonic,Carrefour,6.5
france,8431876059236,Gaseosa,Carrefour,0.0
france,5449000285980,,Sprite,0.0
france,9002859045424,Cola XL Size,Sans Marque,0.0
france,4056489009917,Freeway limonade,Freeway,7.4
france,5449000308054,Fanta orange reduit en sucre,FANTA,6.5
france,8935049501589,Fanta Huong Xá Xi,Fanta,4.6
france,5410221205194,Schweppes Zero agrumes,Schweppes,0.3
france,3760252662629,Cola du Comté,brasserie du comté,9.5
france,90424892,Red Bull Organics Ginger Ale,Red Bull,8.8
france,0079581184027,strawberry lemonade,Calypso,11.205073995772
france,5000112557688,Fanta,Fanta,11.8
france,9006900216764,Almdudler,Almdudler Zuckerfrei,0.0
france,3760126830062,"Limonade Corse OR , 6 bouteilles en verre de",OR,9.7
france,5449000104885,Sprite Zero 2L,Sprite,0.0
france,6130743012245,Mirinda FRAMBOISE,Mirinda,12.0
france,8414100333142,Tónica Original,Schweppes,5.76
france,54004412,,Schweppes,7.9
france,5054267003644,Orangina,Orangina,1.2
france,20122072,Diabolo grenadine,Norma,7.0
france,5285000325406,Pepsi Diet,Pepsi,0.0
france,8690723313604,Uludag gazoz orange,,10.2
france,3124480164193,Indian Tonic,Schweppes,5.8
france,5449000017376,Nestea limón,Nestea,4.5
france,0043000950197,Pink lemonade drink mix,Crystal Light,0.0
france,3348630003426,Tulem,,9.7
france,5449000006271,Fanta orange,Fanta,11.7
france,3256223378816,Orangeade pulpée sanguine,U,7.2
france,5000112547498,Fanta,Fanta,7.6
france,3057640373428,Volvic Aro Zitrone-Limette 150cl PET,Volvic,4.9
france,5060166690205,monster,Monster Energy,11.0
france,0079581184072,Triple melon lemonade,,11.0
france,5449000289438,Fanta limonata,Fanta,0.0
france,5601151441558,,B!,2.9
france,3057640421198,Volvic Juicy Erdbeere 33cl PET,Volvic,4.9
france,3057640422768,Volvic Juicy Exotic 50cl PET,Volvic,4.9
france,3057640480003,Volvic Juicy Grapefruit 50cl PET,Volvic Juicy,4.4
france,3057640541148,"Volvic Limotion Zitrone & Limette 0,45L EW",Volvic,4.4
france,42390237,"Volvic Bio Coffee mit Arabica-, Maracuja & Litschigeschmack 0,37L EW",Volvic,2.3
france,01723397,Cola zero,By sainsbury's,0.5
france,5449000310873,Coca vanille x6,Coca-Cola,10.0
france,5449000135599,Coca Cola Jeux Olympiques de Londres 2012,Coca-Cola,10.6
france,4791066004083,Cream Soda,Elephant House,4.79
france,5601045300008,Guaraná Antarctica,Guaraná Antarctica,10.0
france,3596710471591,TONIC zéro** Sans sucres ajoutés,Auchan,0.5
france,5601045000434,Sumol Orange,Sumol,7.3
france,3770004681952,,,7.32
france,3278730002831,Virgin Mojito,Schweppes,9.3
france,3596710340590,Limonade Bio,Auchan Bio,7.4
france,3596710355334,Soda agrumes - Goût agrumes,Auchan,5.7
france,8431876002720,Fresh tonic,Carrefour,5.0
france,8014396002618,Schweppes Limone LT 0.25X4,Schweppes,11.4
france,8018005301277,Limonata Polara,Polara,10.0
france,8054619496398,,,9.4
france,1105480610004,ISKUB lemon and lime flavour,IKEA,2.2
france,3760133823033,Limounade,limozicola,8.1999998092651
france,9421902090349,Karma Cola,Karma Drinks,9.6
france,42282143,Limonade Bio Fruit De La Passion,Lemonaid beverages gmbh,5.5
france,3254560512580,Tonic,Auchan,7.3
france,3770030609029,Boisson Fruits Petillante Sans Alcool Cassis The Noir,Noctua,5.99
france,9120008991009,Apfel spritzer,Hollinger,6.7
france,7610097112185,Rivella Blau,Rivella,1.5
france,5449000014535,Спрайт,Sprite,4.55
france,3254560599741,limonade,Auchan,7.0
france,0090341232321,Black Cherry Soda,Reed's,11.83
france,0090341121212,Rootbeer,Reed's  Inc.,11.830985915493
france,0189727001047,Organic Lemonade,Kiju,9.6
france,5029396739078,Gently sparkling elderflower,Fentimans,6.9
france,5060108450058,Lemon Tonic Water,Fever-tree,7.6
france,0762357025050,Organic Strawberry Lemonade,Evolution Fresh,10.22
france,0845163008452,Pink Lemonade Aloe,Vivaloe,6.0
france,0855235002035,Jasmine Tea Ginger Ale,Bruce Cost,10.42
france,0855235002042,Pomegranate with Hibiscus Ginger Ale,Bruce Cost Ginger Ale,10.42
france,5449000012203,Sprite,Sprite,3.1
france,0070847003229,Monster rehab,Monster,0.654
france,5410188033809,7 up,7up,4.7
france,8714800006897,Dr Foots,,10.0
france,9551016900552,Japanese sparkling soda,Walker's,0.0
france,5010438005824,Vimto,Vimto,13.699999809265
france,42143895,Freeware MixxMax Cola & Orange,Freeway,9.2
france,3504110039174,Drink melon,,5.4
france,5449000308016,Coca Cola Zero sucre,Coca-Cola,0.0
france,7610097112079,Rivella Bleu,Rivella,1.5
france,3124480186560,Oasis tropical,Oasis,7.8
france,3124480170088,Schweppes Pomm' aux saveurs de pommes,Schweppes,5.6
france,5449000205520,Sprite,Coca-Cola,4.4
france,3760344630062,Vendée cola,Savouré,0.0
france,8710908893650,Original Sparkling,Lipton,4.5
france,3124480184344,Orangina,Orangina,9.6
france,5449000664761,Fanta Orange Zero Sugar,The Coca-Cola Company,0.0
france,8429359560003,UpGrade orange,upgrade,6.2
france,3551720023604,Limonade Bio Lorina,lorina,8.4
france,19353603,Coca cola zero,The Coca-Cola Company,0.0
france,8001620012413,Gassosa zero,San Benedetto,0.0
france,5449000241320,Coca Cola Zero,Coca-Cola,0.0
france,5029396001564,Pink Grapefruit Tonic Water,Fentimans,7.7
france,6191534802469,Déli’O,Délice,7.93
france,4000140012730,Schweppes original bitter lemon,Schweppes,12.1
france,3124480190406,Orangina rouge,Orangina,9.9
france,90495069,Fanta Cassis,Fanta,10.9
france,5400141101713,Orange zero,Everyday,0.8
